---,ID,Question,OptionA,OptionB,OptionX,OptionY,CorrectAnswer,Hint
Q001,Q001,"NSLOCTEXT(""[082604F81CB4C07F952B3545A5A73457]"", ""309F307345D5FF91C98B19B70B48B762"", ""Who built the ark?"")","NSLOCTEXT(""[082604F81CB4C07F952B3545A5A73457]"", ""723E20F64062B5810DCD5E935D62EEFF"", ""Moses"")","NSLOCTEXT(""[082604F81CB4C07F952B3545A5A73457]"", ""04A1F0A64253BF9360F3F79B5A713C46"", ""Noah"")","NSLOCTEXT(""[082604F81CB4C07F952B3545A5A73457]"", ""49609CAB40657FE8205A09B39492C01A"", ""David"")","NSLOCTEXT(""[082604F81CB4C07F952B3545A5A73457]"", ""6B63949E420673D8117C68B3DDCCED77"", ""Abraham"")",OptionB,"NSLOCTEXT(""[082604F81CB4C07F952B3545A5A73457]"", ""E9524EFF47708411179ED2ACB5692BAB"", ""Genesis 6"")"
Q002,Q002,"NSLOCTEXT(""[3418DC5C850C13EC7A0822B67A08BFB4]"", ""B969DB0FE34DBED0B556E2DFAEA331AA"", ""Who led the Israelites out of Egypt?"")","NSLOCTEXT(""[E742F36677B4BE89272BF9094ECB4FD6]"", ""E5C141F841D91ACAC25DA621886A1FB3"", ""Aaron"")","NSLOCTEXT(""[709183EA36B6B5B728A12D0A31B1D3CE]"", ""E9FFB0EEBFD2C6B329D7B30DDA160099"", ""Moses"")","NSLOCTEXT(""[823B736766CA63F3DBCC6CCA3F858521]"", ""61B08B4F9EF2CB584A27485236F1EE60"", ""Joshua"")","NSLOCTEXT(""[93292170701758386ACD27120C2D1616]"", ""1E209CE560BC2F5FE4330547FA9015B3"", ""Caleb"")",OptionB,"NSLOCTEXT(""[F4953438B4A64479A216D8A682595786]"", ""B7FB71A7205283E8A2120B4CA4B7C89A"", ""Exodus 3"")"
Q003,Q003,"NSLOCTEXT(""[1F338E12CE01C5662DFC3CF6FB9F9391]"", ""4756C5E8803AEDB48BC6A24B589D5C3A"", ""How many days and nights did it rain during the flood?"")","NSLOCTEXT(""[C956D3E55DAB099008D3AC3F5064CC58]"", ""457F7AF52F8D7DFF82F4F14F540FD055"", ""30"")","NSLOCTEXT(""[0E0B8114FFFC0BB2433D30F2CDD6390E]"", ""A9B997EFFBF14CB30D6041098CA4EEAA"", ""7"")","NSLOCTEXT(""[AEC86106929494D009748C3D155460A0]"", ""56089DD27BB0984A2126C5A915CE525A"", ""40"")","NSLOCTEXT(""[E5F9299F7ABF2CFD06FC67087326EC8F]"", ""E9F279F5AF509ECFBFA65C6E01529050"", ""100"")",OptionX,"NSLOCTEXT(""[80AC6FDBF939074A8F2FA2874AB67BE0]"", ""5CC7646EBC5BF4AC18A2F7F6667B0B5A"", ""Genesis 7"")"
Q004,Q004,"NSLOCTEXT(""[50FF9E85E25BBE2F6BF456CF3B3F506A]"", ""673C0C25BB48CEABC9B3CB24C057861B"", ""Who was the first man created by God?"")","NSLOCTEXT(""[9953E7B97091E81E86B36579947F0757]"", ""B10B3966C0E56D5AAF8FEFA5CD56D7A2"", ""Cain"")","NSLOCTEXT(""[6747E91C8CEE539E47C3493E791214F2]"", ""8F4D04C851EBFC079386AED6CEB20491"", ""Abel"")","NSLOCTEXT(""[FAC168C6CE831102293FDDC3BA9CF913]"", ""D105EC4F899ABD047AB6B56868E121C4"", ""Adam"")","NSLOCTEXT(""[02E9B588A13F4A9F0D34B933B9332782]"", ""4C4F5DA45A4A0D893DDC2ED582E5C347"", ""Seth"")",OptionX,"NSLOCTEXT(""[04E400FA781ECA499A30D53B064952BF]"", ""F3359C4975F1A90640B0638BFE5B15AA"", ""Genesis 2"")"
Q005,Q005,"NSLOCTEXT(""[F9088D8454C2F40032BB3B3E0CD6AB04]"", ""9EED77599AB60B9C2FAE5A87878E0C94"", ""Who was the first woman created by God?"")","NSLOCTEXT(""[789470358F8BAD363567F150BE527893]"", ""1807E1CA0DAC34F02DF9C09909FAB3DD"", ""Eve"")","NSLOCTEXT(""[F8EB8F4EC55C9E984345DC308795CF1E]"", ""8C20C29E7830454281A8B728D99E096F"", ""Sarah"")","NSLOCTEXT(""[16E0EDD5ED5A6E9684D4C0A42DF1457A]"", ""ACBF2DD9B25AA4904A15BAB122C81068"", ""Rachel"")","NSLOCTEXT(""[484285EBBF36E36E6668545F542B1BDD]"", ""C2DF58DEDC105F7DA66A431E3E4A3152"", ""Rebekah"")",OptionA,"NSLOCTEXT(""[ECC20F74E45B5CE46EACABE36E1F1372]"", ""D69DD1A3B06FE476F35FBABF217F43E0"", ""Genesis 2"")"
Q006,Q006,"NSLOCTEXT(""[347FEB285EAA0D29F92C0AA5F64B9DF1]"", ""9D93338F771A052DC0E385E1C9D1F3DB"", ""What did God create on the first day?"")","NSLOCTEXT(""[625E15BD6C4D682E22C2BF2474179A3C]"", ""0534B819F371D18034C1C457BB00F7AA"", ""Animals"")","NSLOCTEXT(""[E92062DCAA1004DBD1D0754ADEF1420A]"", ""3415F8983E82E55A65CC008E881EB46E"", ""Light"")","NSLOCTEXT(""[5917EAB7A5BC79F7B69510578BF7715A]"", ""117B9A358115C81513BB4C5654F1CC04"", ""Plants"")","NSLOCTEXT(""[DFE39D2D23D42849116395CA70039BEF]"", ""86E17EC6DE78807FDC3DCA8D64580C17"", ""Man"")",OptionB,"NSLOCTEXT(""[27D5690DB67490CE69039EDE1B666915]"", ""DFDA2B3C9F56AE267E7D7E9EB29C057C"", ""Genesis 1"")"
Q007,Q007,"NSLOCTEXT(""[5EB3A6877E71610C700BA3E641FBD392]"", ""290AE832693EC75732C110CD2B6055AE"", ""Who betrayed Jesus for thirty pieces of silver?"")","NSLOCTEXT(""[52E55DCDBDA78386A9FBEC8EEB076448]"", ""CFE8FD290599F4D4547EBAE68E23F97B"", ""Peter"")","NSLOCTEXT(""[AF0C497F7EB08D3D40264AD7A20D8FCA]"", ""8E873FC31FA29D786B66F78532C534FF"", ""Thomas"")","NSLOCTEXT(""[F4F1517DFCEB58B7B26D65A62992A9F8]"", ""DAAE93F1010475277A817F374A33A836"", ""Judas Iscariot"")","NSLOCTEXT(""[C2D2A320978BFE1537DAF4549F1BAB62]"", ""DE799E6C2AD14A9662AD534204449161"", ""Matthew"")",OptionX,"NSLOCTEXT(""[4FE31C7A57168160E8420344C25B5404]"", ""5E959D37D92DE6098232D83036CCDFA8"", ""Matthew 26"")"
Q008,Q008,"NSLOCTEXT(""[C721AE1BF1E630C5727CAB7F08B62038]"", ""E0FEA174B0195CC86F03BB6A65518CB9"", ""How many disciples did Jesus have?"")","NSLOCTEXT(""[50A7000F2C699D3C029C6235D8556248]"", ""0F5C6618A9C67F97B8075434B6FCE264"", ""10"")","NSLOCTEXT(""[291DAD5488EFA48D12B77016B36E0C03]"", ""E1F94BD2F8C86F4CF7DDE331DD65405F"", ""12"")","NSLOCTEXT(""[AFF24C2A46BB46E24979A53DF14A15B7]"", ""CA2C3462E3C9B7895722A958E7A779FB"", ""14"")","NSLOCTEXT(""[8DC5BBC146FB7BA17757B46D51E0841B]"", ""04B0949F4F6A9D9E14B9AF29063EABAB"", ""7"")",OptionB,"NSLOCTEXT(""[1D6B0654F201B29D27DBDEFD393870C4]"", ""2093581B814D05BF58B32263CB57A095"", ""Matthew 10"")"
Q009,Q009,"NSLOCTEXT(""[E7D2382FFB5209405807050E0858928C]"", ""BDBEE29124273BB5410C87B27B5A74B1"", ""Who was swallowed by a great fish?"")","NSLOCTEXT(""[AFBDC3C10E76FF8A8DE2255C13BCA3FC]"", ""235F4BCF9FD6EC9C7B3D4BFC5FB5461D"", ""Elijah"")","NSLOCTEXT(""[FAE549C65EDE6F6E9B791DEFCE7AE5EF]"", ""8685F3BC4D11F73CEB823B1D02ABE640"", ""Jonah"")","NSLOCTEXT(""[913548593A52956BB340B0B2E24AE70F]"", ""9A1DAE90061DDFD784D80B530C4D8205"", ""Daniel"")","NSLOCTEXT(""[9B7AFA9F1F5F098F8B9B4A7F7F465E7F]"", ""3A5DCE39EF14F729E2E9892BF27F7AA2"", ""Job"")",OptionB,"NSLOCTEXT(""[28E98BECF1EEAC900F899F04BA2986D5]"", ""A9D0D2F5B3F889BF27D8B5991B2E1364"", ""Jonah 1"")"
Q010,Q010,"NSLOCTEXT(""[29658DADF303D8F4466B34035DFF0EDD]"", ""05FFDD7CEDAC2BCA5C2D22D9A29BA6ED"", ""Who was known for his great strength and long hair?"")","NSLOCTEXT(""[C43DB591E3EB54616204A6F1C655F41D]"", ""45CB777A8C4FF9C20DAB595E6E84E598"", ""Samson"")","NSLOCTEXT(""[D3143566C638BB44EC66F5AEAA6F3433]"", ""475497ACC097B4C556D008B6266CDC92"", ""David"")","NSLOCTEXT(""[97688FF27022563B68221103673CA1ED]"", ""2928A7EE3231B914A3A17203756C9F71"", ""Solomon"")","NSLOCTEXT(""[B13EB6783909D33A65F6C2A961B62D8A]"", ""C1BEEABBBFEBB373EF9D770898D5D430"", ""Gideon"")",OptionA,"NSLOCTEXT(""[60409234570D955BA0F7010F95D09813]"", ""D2314329A69B5069FDB35FF799323E47"", ""Judges 16"")"
Q011,Q011,"NSLOCTEXT(""[6B4F0D8E64C7723A7EB94C0019C0D08D]"", ""229C3EF7123295A24FFFCDBDD99CA1F3"", ""Who defeated Goliath?"")","NSLOCTEXT(""[C735328D753125929C6F893782E42E63]"", ""4EB940ABB4961ECA04A2B012327D6D4B"", ""Saul"")","NSLOCTEXT(""[E8731AFEFCE5CFF096978A0C3FFC527E]"", ""367211DCF420FB0716097354DF5F5419"", ""Samuel"")","NSLOCTEXT(""[323B0D2A27934B0BE54B5AB23A892C0D]"", ""EDE1AC30F75673CD33174AE934AAF63D"", ""David"")","NSLOCTEXT(""[44CBE1FBC0FFD27CF3E28A561BD09E35]"", ""C8606FE72E84DB59F47CDA1BF678A471"", ""Jonathan"")",OptionX,"NSLOCTEXT(""[689A92281F16A6DB38A62DC5CE15DCF3]"", ""E3CA77ACF5B219A834BFD653AA29961C"", ""1 Samuel 17"")"
Q012,Q012,"NSLOCTEXT(""[C3BE0435CE468A4A969BA0B020CBD4A5]"", ""7A0555E4A602334D62DCD8487F9F18D0"", ""What did God use to part the Red Sea?"")","NSLOCTEXT(""[1E64D68928A810F632368552CB36E040]"", ""404EEE1B4A0EF79912D312230476FAE4"", ""A staff"")","NSLOCTEXT(""[F622D889D95F3F346C53BAAB982640D9]"", ""9A51F15325A13720FE3FF0288D8D82BC"", ""A strong east wind"")","NSLOCTEXT(""[EA29E1027A5CBACB1FF2B62E024B4E9E]"", ""89555947E96ADACC4CC8A565DE4262C3"", ""An earthquake"")","NSLOCTEXT(""[2B7C0AE39AEE37BDF1D5D921718D37AA]"", ""F42B1F84C64F3DBA085DB19B17E291AE"", ""Fire"")",OptionB,"NSLOCTEXT(""[6D30B1013AE505D113157E37639DC6C2]"", ""6EEEC57CB32134D340FCC97E1CFAB949"", ""Exodus 14"")"
Q013,Q013,"NSLOCTEXT(""[0D723AE9D9837C7D92427763EF5C608E]"", ""4D40899EC3F92AD6C08770039D91D237"", ""Who was thrown into a lions' den?"")","NSLOCTEXT(""[68D73405EA1D9DA016EA3E2AD5C80759]"", ""5A56709C5F9505B17288A8718042CDD6"", ""Daniel"")","NSLOCTEXT(""[E3A9672A16F4E60B88D8C2BF76CDAC80]"", ""FEE3AB6FDD59CDAD21CB0724018B7FCB"", ""Ezekiel"")","NSLOCTEXT(""[68E2CDF5BD356DE3A80FF1C6EC6CC9A9]"", ""45C47018DAABE4602B069F0624F97AD0"", ""Isaiah"")","NSLOCTEXT(""[CB536632F96F8CED041D89BAE117B355]"", ""363608CD5DD1963ABA07A273046BFF21"", ""Jeremiah"")",OptionA,"NSLOCTEXT(""[888D38A9EAFAEA6DF37698514E3C203C]"", ""2AFE72DA2671515CAE2F790A1627D964"", ""Daniel 6"")"
Q014,Q014,"NSLOCTEXT(""[3C2E26555E7361A191339484FE72E1E9]"", ""3D291166819FF9B7CEAFDD223436B1F7"", ""Who interpreted Pharaoh's dreams?"")","NSLOCTEXT(""[813E29E4F1EFF96CF951F38A54460C7A]"", ""067C449DB9B3CF3DC5ECADB562ADD406"", ""Moses"")","NSLOCTEXT(""[13908D0591AEAF294F7282E637F65999]"", ""E76E18EC48FF9100E0EBD07838A2C6DC"", ""Joseph"")","NSLOCTEXT(""[F0B842F3D68775A67DE39728A542DEB0]"", ""04AEC9D8E696ECF77CF430AF0DA39DC6"", ""Aaron"")","NSLOCTEXT(""[DA9FC280DD33175865EF132E0A0C5F59]"", ""7D99769CFEF72F6B3E96E505A878C011"", ""Judah"")",OptionB,"NSLOCTEXT(""[3CA63CC9FCD953157B88C55238DC9FAC]"", ""6EFFE24EDD2419E3A2D84AD345C3F1C5"", ""Genesis 41"")"
Q015,Q015,"NSLOCTEXT(""[4DD882AD67BC4652715A67C693C6CC2A]"", ""29983500AAACF9BB0620AB94FC497100"", ""How many plagues did God send upon Egypt?"")","NSLOCTEXT(""[02159573D343D3FFD01241E31F76AB6A]"", ""9DCF759C3795686A5D1FAB380FFA10B0"", ""7"")","NSLOCTEXT(""[083D1F1A63A8005DC8E956A50846318C]"", ""44704B41A9B9214B537CB73D3C5E0927"", ""12"")","NSLOCTEXT(""[730A0DA67E62DF959B1021E350882242]"", ""6A45B60809B4DA9C9F55B12D0C8C8C52"", ""10"")","NSLOCTEXT(""[E75B6B4410FC2F317533F94416AB18C9]"", ""BB0A4985859381F960BEDC69B5F8DE90"", ""9"")",OptionX,"NSLOCTEXT(""[F1D090B68B2D18BB889061474F043457]"", ""FF9B7331A13D0AB725BA4CBCCF8DC0AE"", ""Exodus 7-12"")"
Q016,Q016,"NSLOCTEXT(""[50E40BA3617EAEB13B97D2948E61B26F]"", ""49AF8A026F14D976FEB3AAC109209474"", ""What was the name of the garden where Adam and Eve lived?"")","NSLOCTEXT(""[848447079D1251D4F6184CBD522818B8]"", ""E6B5BB5386EFFEEC5A494B5AE7F84A26"", ""Eden"")","NSLOCTEXT(""[700D90694C959DA5AAB518ED44329814]"", ""3E507848935730392E408216E104B9B7"", ""Gethsemane"")","NSLOCTEXT(""[6FD3C1E9278922C619289A32420D95F5]"", ""4B6EECB50C09DD2CD197CDD61E312613"", ""Canaan"")","NSLOCTEXT(""[C55AA4AA7BF072E76EA60C6D5F572CDF]"", ""65C3EB9B40CA409E6641E8A5A88A84F6"", ""Zion"")",OptionA,"NSLOCTEXT(""[0B18A2B636C2E5479884C92B50E12004]"", ""288894CB31DC0FBF0E37F50D8DBC06E9"", ""Genesis 2"")"
Q017,Q017,"NSLOCTEXT(""[04466C02C3EF84147BCAC7BEFC0D34ED]"", ""84DDEB911B89B6F84F861331E3A0917B"", ""Who was Jesus' mother?"")","NSLOCTEXT(""[F958053334DFE63DF2E52BF385CD426B]"", ""F1830C7E0D04A161B015954C53531D62"", ""Elizabeth"")","NSLOCTEXT(""[09047BA9D7ACE661A806457EB1CE3D31]"", ""2937D1A754053D588551E61644D21986"", ""Martha"")","NSLOCTEXT(""[CBD86BA259F961BA018B23328F303481]"", ""AC9F873B7F3F212E4A4B15FC7E23347A"", ""Mary"")","NSLOCTEXT(""[13B704276B4093CB5DC610582635CECD]"", ""D274B2C3AF79C4EDE243506C4BC02C00"", ""Anna"")",OptionX,"NSLOCTEXT(""[62847B907CF5C24C6683C8545FE43F3E]"", ""FD0B98B2FD058AB0EBE27C6027021D11"", ""Luke 1"")"
Q018,Q018,"NSLOCTEXT(""[250E7357936EC9590B6E9D64A1B1D27B]"", ""C05C74B667FADB314EA3BE45A5651229"", ""On what mountain did Moses receive the Ten Commandments?"")","NSLOCTEXT(""[082910FB444616A01117047071D2BA14]"", ""2EF4885BDD516CD539ACB9AF8BA95983"", ""Mount Sinai"")","NSLOCTEXT(""[AFCD642BD55BB1AF573CC326F9CCBB35]"", ""078986EDE12BCC348C178BFDD8BE3316"", ""Mount Ararat"")","NSLOCTEXT(""[2CCEDD3BCCAAF0810EC3EE653ADBBF89]"", ""63D6D54C1D9737D77423E364CB26E10E"", ""Mount Carmel"")","NSLOCTEXT(""[05A70676356221F3AB380EA8D24CF28E]"", ""8ED167CD5047BEE584B53F3565EC800D"", ""Mount Nebo"")",OptionA,"NSLOCTEXT(""[71114CC74CBD167A934B22447C95A875]"", ""D9D7A5C63B064736E74F5F896B00ACD3"", ""Exodus 19-20"")"
Q019,Q019,"NSLOCTEXT(""[35C15479A3EB4B18D1065C0CBD9A6AE1]"", ""17C58D51FD9891BEB550685571E1AD34"", ""Who was the wisest king of Israel?"")","NSLOCTEXT(""[AE84EC73A7E0BA4005BBB4FA4F324D17]"", ""F6DADF21F708C663FEB072F00B0E79DD"", ""David"")","NSLOCTEXT(""[0FB62B4049FE99755207F819FBEBC02B]"", ""0AF1737CC3143F6B8BA006FCED722BEA"", ""Saul"")","NSLOCTEXT(""[6E58BB5842877C3AEB85949AEA38E57C]"", ""791CDBFA59E7B926157D9ABA100BFE86"", ""Rehoboam"")","NSLOCTEXT(""[D18278012C70CE3BEA6CAF625E972C45]"", ""C32DCAE467CF4D7C69EF313961DA095F"", ""Solomon"")",OptionY,"NSLOCTEXT(""[8EC77C64DA6C1849CACA45CF3697390C]"", ""FDC3BCA10B35652FDD2177B5EC898FC6"", ""1 Kings 3"")"
Q020,Q020,"NSLOCTEXT(""[7BA5A5E1B12DB800EC9EA167A53DB595]"", ""0A181B3D9B559010DE1890DB0E23A9F0"", ""Who denied Jesus three times?"")","NSLOCTEXT(""[24ABC43A06709D2B101E481A1BE7C71D]"", ""D9126140E49FB57E913A3BB555CDC01F"", ""John"")","NSLOCTEXT(""[B511A546893FE07CF0399188EBEC85A6]"", ""4818D656E3AFC9FF60ABC1FDBB46C7A6"", ""Peter"")","NSLOCTEXT(""[92B49D4B4D6FBC37BD75D36C689641DE]"", ""68C6B54A313DC3913761BD5D8AE14AB7"", ""James"")","NSLOCTEXT(""[30C0D17C13BC806CC0B48065CC0201E3]"", ""E8FDC1A3AD576759FB8C7030D744A401"", ""Andrew"")",OptionB,"NSLOCTEXT(""[9A82BC57F0A69DA383E8BFD718D18B80]"", ""A061E3D4F51D688B847CB72178B192E5"", ""Luke 22"")"
Q021,Q021,"NSLOCTEXT(""[D6FA07E1F5E842E1CBB94AD3C7F159A1]"", ""582242EAD4DCDF98643DEE28CD7A8392"", ""What did Cain do to his brother Abel?"")","NSLOCTEXT(""[50E5091101430771FE4476250C894876]"", ""5F1957F43472D222C723D358BC39931F"", ""Sold him"")","NSLOCTEXT(""[E150B622A885FEFDFE4B84203D3F019D]"", ""AA47017535276F328227761E621A5CCB"", ""Blessed him"")","NSLOCTEXT(""[24F2E2050397C2F1D3A5AA2172198702]"", ""51BCC00CEEDA7E6FB0BD39F3BFDFED71"", ""Killed him"")","NSLOCTEXT(""[B08FF3CD88126BC742CEE794BFADE9F1]"", ""8006984D1D6340F483A6438E8E20E5A9"", ""Ignored him"")",OptionX,"NSLOCTEXT(""[6B6B6EEAF9C7CFB4C33BF1DB8208E58D]"", ""7FF95B48FD0E6B70ECE7E58DA301C18E"", ""Genesis 4"")"
Q022,Q022,"NSLOCTEXT(""[A24027DB6C4587AFCB68FEE3028843D4]"", ""472B6165B576810EFF7AF436FB74F0C6"", ""Who built the ark to escape the flood?"")","NSLOCTEXT(""[5690D47A77B31EEA0BD2BBF4C219023D]"", ""3C8D38CCB7E431DC49EF464555D416D2"", ""Noah"")","NSLOCTEXT(""[275646A5C639606BBF2A40E3246A8812]"", ""E75568E5F26054EFE071F3E6F60BEB82"", ""Enoch"")","NSLOCTEXT(""[732F6501D08B865F32AD70D4C15D9AFE]"", ""0B22DD3EF89BE4651EAC78DEEB43AAF2"", ""Methuselah"")","NSLOCTEXT(""[F14081FF5765BB38C56FA14B09FBB873]"", ""EDEF172FB31BF9FA5669FA33C68CE1E3"", ""Lamech"")",OptionA,"NSLOCTEXT(""[D055F9FAFEE6C5C7BA98AFB3B7042006]"", ""DDAE217106D31AFB306ECBBF10796EB6"", ""Genesis 6"")"
Q023,Q023,"NSLOCTEXT(""[3FB0E621C460F537F83988FB1BF39E09]"", ""5DC88E0AB25EB5BAADCCAC83831F4C92"", ""How many years did Noah's ark take to build, per common estimates?"")","NSLOCTEXT(""[3FBC805607EFAC430D88FE4F05584672]"", ""3FDC3C29D3F1369DCA8CA939BE3A7087"", ""10 years"")","NSLOCTEXT(""[14CF98D490D144D8DD207A3006E9A6EB]"", ""680850E066DB528744921B0ECED2217A"", ""120 years"")","NSLOCTEXT(""[73FDE317A13EB3FF2D7CDFDB7F9443EA]"", ""CEBB67F285B5F4826B711DA87CBCF825"", ""50 years"")","NSLOCTEXT(""[055C6E9637CF9BBF177D6BBE4D7242B1]"", ""3AC29BBCB7516A77EAE8849BF462F57F"", ""75 years"")",OptionB,"NSLOCTEXT(""[3AB495B817ABC725232F7936115F42EE]"", ""5B84A9FEA2F744C177504E2F96B7B361"", ""Genesis 6:3"")"
Q024,Q024,"NSLOCTEXT(""[30544C0D69E3DB0EEAAF3080F08566C4]"", ""780792E8F66371114C1AE270D5CDB290"", ""What was the first miracle Jesus performed?"")","NSLOCTEXT(""[9643637CE531F6B8C50732E4E872EB8D]"", ""FFC537F0285E573BA178387F0089599B"", ""Healing the blind"")","NSLOCTEXT(""[186DEB9D2C5FB62674C7E8B9D12A4606]"", ""A11317FF6F3AE24C5374C898D0BC10CA"", ""Walking on water"")","NSLOCTEXT(""[8958BF364BC91CEC280D3D54018873CC]"", ""590EC079D32771C375BEE4D5CA66C729"", ""Turning water into wine"")","NSLOCTEXT(""[87097671C6E7C354B7B4EF3F9655F1BE]"", ""F32DF27771373009C8F5729E7714A0ED"", ""Feeding 5000"")",OptionX,"NSLOCTEXT(""[49C9253A273AF2CC6FB8357841C8D034]"", ""28A1E3377DF0876655BCC1D4AA49EEEF"", ""John 2"")"
Q025,Q025,"NSLOCTEXT(""[A4D5094602256DBE1A1A199E83417D99]"", ""75C567C6B1F911F8AAF721E1C7376ED5"", ""Who was the father of the twelve tribes of Israel?"")","NSLOCTEXT(""[355369B26071574F53917BB02E78CFE7]"", ""9652B63706E5C1067B0AA51FFBC106F8"", ""Abraham"")","NSLOCTEXT(""[A9DE2E749DA52AF3C9E39C29E53CA93F]"", ""54DDB6AF150417AF153F6F9E5DFF2512"", ""Isaac"")","NSLOCTEXT(""[31FC9921693208260D5B757E7EDD99A6]"", ""960108E418D8F858D3ACB8703030521A"", ""Jacob"")","NSLOCTEXT(""[483358F2F9E42AC4326B227C5C57D85D]"", ""B6277D46B7C868F400060CDE1029201A"", ""Joseph"")",OptionX,"NSLOCTEXT(""[92513CA7651C2E0F7BBAFFA72827BB81]"", ""5CF872B4A562E2AFC9E73209903ABA77"", ""Genesis 35"")"
Q026,Q026,"NSLOCTEXT(""[7D7C5AE304B1931B6CAB48739B49ABAD]"", ""EFCB76D3AD2835D71355020AE2F6DE0B"", ""Who was sold into slavery by his brothers?"")","NSLOCTEXT(""[64A8FDBE1A09CCEE60259BC73A1FFB4D]"", ""B1CF20FF99823A08AE0EFC1206E3C22E"", ""Benjamin"")","NSLOCTEXT(""[C5FBA1F856902D6BCB43A44816F0F4B8]"", ""18A28530AC20F861CB06D97FF42CC49B"", ""Joseph"")","NSLOCTEXT(""[08BBE1CBE138EA813D9442A546952A1A]"", ""9A96CE2B9DDD3A4FD44A4C4557CB4358"", ""Reuben"")","NSLOCTEXT(""[0E14F5BF58D6892336EDDF72C34757ED]"", ""49177260121848A05C08A30FF295C786"", ""Judah"")",OptionB,"NSLOCTEXT(""[AE14830169346EF2C1362536F8E55375]"", ""97D6D0DFCEDBC8E79753136094032FF6"", ""Genesis 37"")"
Q027,Q027,"NSLOCTEXT(""[8498A8C8928CCF34C86DD1069BEEED39]"", ""9A9B3C9B29B1CD401C70AD9E063EB632"", ""What is the last book of the Old Testament?"")","NSLOCTEXT(""[6AE2A6EDF8BBB71110622D375027CADB]"", ""E257946B50F26E66DEE7876E35516114"", ""Malachi"")","NSLOCTEXT(""[D14BB689D139CBED50E3B947E381DD1E]"", ""BE5D03B9E0882020C8C0809ACE04302E"", ""Micah"")","NSLOCTEXT(""[10EE3593B261CFC2C89AB17C76218FEC]"", ""7CD5FBD3AA38C39BD7BDEC7D0688F32D"", ""Zechariah"")","NSLOCTEXT(""[005FCC66EE5B7A1F3912423294C990A5]"", ""28BE89FB26F7550C72906FE145E673F4"", ""Haggai"")",OptionA,"NSLOCTEXT(""[5A03C8BAB4D5031F2A72C24B1020753E]"", ""2B1D84075F2251DE7B3D7D04B1B033DE"", ""Malachi 1"")"
Q028,Q028,"NSLOCTEXT(""[056A319C97716C5A3176734F41F18BE3]"", ""D433BD6CD2655B5B446FB7BCCB1C7F67"", ""What is the first book of the New Testament?"")","NSLOCTEXT(""[9535905E849B53DE78DB95A776C45BF2]"", ""C5B6DA9574021E8A1D703641C0BE0CDF"", ""Mark"")","NSLOCTEXT(""[64CD38D94C9C7DF32EF07F7E159552BE]"", ""BAA94D690E6AB6681DD4FFEF93DA4F7F"", ""Luke"")","NSLOCTEXT(""[3910B6F7E926B16FB5FA99C64D6388CA]"", ""861ED4AD6DF7F19F2A7AEEA82222F459"", ""Matthew"")","NSLOCTEXT(""[6ABF1915EEA9B73A54C317D8A4DE36AF]"", ""29EA52D8C74B19C1A415D804DFF47F9B"", ""John"")",OptionX,"NSLOCTEXT(""[22212779674DD91B99AF50396041DC9E]"", ""1F90728B94676124FAF5623AB3FFBAF7"", ""Matthew 1"")"
Q029,Q029,"NSLOCTEXT(""[4CDF5AF1406E1A2829F3EEDE2864648D]"", ""D6397C2AFC659204AA8DB7942F6977CB"", ""Who baptized Jesus?"")","NSLOCTEXT(""[9CFDA2D0406550A38E4EF2B484FA65CD]"", ""3C217DDB468E1B35C3D02195540FCC78"", ""Peter"")","NSLOCTEXT(""[6D1B1772B765D6636664B7096F12F365]"", ""83F39CF6E75C1BEDF23D33005278CD10"", ""John the Baptist"")","NSLOCTEXT(""[16F43A2C884F34C67E9C13D9BE6B63B3]"", ""DD6F3EBE1DF66D58AC355BE4ECA93708"", ""Andrew"")","NSLOCTEXT(""[DF097EC6B5C722871FED871E913E7AD5]"", ""2FC0843656A0A3A42FB46A16BDA5D609"", ""Philip"")",OptionB,"NSLOCTEXT(""[08EE153EF52437E37B27866393EDEC39]"", ""79399494EBD01ADC5B45E8AB0509501A"", ""Matthew 3"")"
Q030,Q030,"NSLOCTEXT(""[C72E16E5C442DAF8047894D8D9956960]"", ""7ABA3EAAD92CEC57132038322642133D"", ""Where was Jesus born?"")","NSLOCTEXT(""[628DC39D973AD95CAE6E831C79B5D0B8]"", ""13FB8BEE475054A301DE719BAD094624"", ""Nazareth"")","NSLOCTEXT(""[310EAD9A94D81F7C825B599D32B902E7]"", ""017F662DA298B50A9271C8E218E050F2"", ""Jerusalem"")","NSLOCTEXT(""[009603FDF58B642EED938DBADEA2B699]"", ""E15A597DB5DA6807A05416DF96841201"", ""Bethlehem"")","NSLOCTEXT(""[65378F2CB412588560E3FB32E45B3C57]"", ""2FCE2489152C4DE9E3715913FB8205B6"", ""Capernaum"")",OptionX,"NSLOCTEXT(""[986F09C3DE124DEFE38307B87E5DDB1D]"", ""44F81993F2E74308C39FD9A1F290BF8F"", ""Luke 2"")"
Q031,Q031,"NSLOCTEXT(""[27FBE28C5D09E151C709BFDE4338BCE2]"", ""2CE34025F1C8BA1C8E0A67AF970BDAC5"", ""Who was the mother of John the Baptist?"")","NSLOCTEXT(""[8D456787068FFDC6087C7F91F8F52301]"", ""6AC4154293F5F50C93109FAF4BD97E10"", ""Elizabeth"")","NSLOCTEXT(""[4441AA7A4D3C2C3A2CE5FC74D908F38A]"", ""4FAB1631066CB0699922A0A8286DB865"", ""Mary"")","NSLOCTEXT(""[7A099A11B74864C26C0656C48400BD63]"", ""12E744C820D23A9B061BAF93EA764623"", ""Anna"")","NSLOCTEXT(""[0EB886AF85317AE9C552E9E159B267BC]"", ""522A0E6EA18D04EF26721A8FF2DBE28E"", ""Martha"")",OptionA,"NSLOCTEXT(""[A5849CFEC352AF4064868F76411726C8]"", ""8AC66572A9FEAAD6C5D5944F40A9D3FC"", ""Luke 1"")"
Q032,Q032,"NSLOCTEXT(""[AE8D5E111456D607F4DBB632A2BB5D0A]"", ""B169C80BB38C8FF9639CFA580B738FF0"", ""What did God command Abraham to sacrifice?"")","NSLOCTEXT(""[989C34CE29FD9EF3DBD3D2B56BD48E94]"", ""634F6EC0EDF48D47CB8A91C02E3E82CE"", ""A lamb"")","NSLOCTEXT(""[769475EEE1F199C6BD17302BBB540AD0]"", ""4BA545562AC33E5A0CCE0038E6A8F4D3"", ""His son Isaac"")","NSLOCTEXT(""[06DE9107A9B63472EE24B5AF30C919EF]"", ""171531CE295B7EAFAD6FF0F8074756D1"", ""A bull"")","NSLOCTEXT(""[7E2882D3A55F51288C86DB562FC870A4]"", ""AA7876222A24207822A7186BAAB75128"", ""His flock"")",OptionY,"NSLOCTEXT(""[687B0DF2BDAEFC22697F3E34FFFE8260]"", ""DB3050FE2EE43D51414FF700BD7BB7AF"", ""Genesis 22"")"
Q033,Q033,"NSLOCTEXT(""[41BAB3E7BB091A48563AC5BFA1A75835]"", ""5D0BC20454BA1FF21971D35BB700D225"", ""Who was turned into a pillar of salt?"")","NSLOCTEXT(""[DF97A78EE70EA4407D3B8B2B4368FA77]"", ""FAEABBB31FF355FC659CC68181C3D6CC"", ""Lot's wife"")","NSLOCTEXT(""[683DF8A3339544044B104FA745ABA121]"", ""05E44FC81B5A8E396E75A855851B5633"", ""Sarah"")","NSLOCTEXT(""[7D98CA9197D1019C58151EF4022AC7EC]"", ""2BED6E4E97B483D271986947BD507B7F"", ""Rebekah"")","NSLOCTEXT(""[4F185BB3F3F74B0FF60461F94B0AF417]"", ""771EDE656CD2F2EF057A7F687C97DBC7"", ""Rachel"")",OptionA,"NSLOCTEXT(""[3DE3D79DE33BD706AAE31355C9036FCB]"", ""C97DC790E6CD8CE30B7E09955C0FBF4B"", ""Genesis 19"")"
Q034,Q034,"NSLOCTEXT(""[400DE30B431A8318226D54DA01C729FF]"", ""F39AF6B18269D7652782109852A1B57A"", ""What city did God destroy along with Gomorrah?"")","NSLOCTEXT(""[85514408450095273F5535409ABC544D]"", ""FD4E3613797DB95AA02AB599E18F967A"", ""Jericho"")","NSLOCTEXT(""[477CF81DC6EA00E7179D0C0B3441555F]"", ""B70D4D05ECEC771B93CBD8C7B0D75F1F"", ""Sodom"")","NSLOCTEXT(""[6C0B18D999093F114F3A4BFE1BC3F77D]"", ""922572E97E3A9F742F720E3294110ABE"", ""Nineveh"")","NSLOCTEXT(""[A36E089477F2584BF8AE9B87319C3393]"", ""17D4AB36ABCED5F2CC5A4DAC1E482CCE"", ""Babel"")",OptionB,"NSLOCTEXT(""[F6264F1B00EC1DE95347BD01F043A5C4]"", ""3968D5F701C4BA4C2CDBB5FBCC35A916"", ""Genesis 19"")"
Q035,Q035,"NSLOCTEXT(""[F297B092D63AFB50DD8B600D0B5B7FE9]"", ""4486DB223FEC71D18EB696FE7F1AD591"", ""Who led the Israelites into the Promised Land after Moses?"")","NSLOCTEXT(""[24836F0E4BD89B825F2879C35C7D0968]"", ""8F18055D128D31D413D764A058DEE03C"", ""Joshua"")","NSLOCTEXT(""[F86582B5A0147A947849D7D9071542F1]"", ""BCE3F150B4DF4AC32603687278222636"", ""Caleb"")","NSLOCTEXT(""[BAA42C071AFF895969D4F5F45CEB934C]"", ""D1DC0FCB5CFD876A34235C8E21A25ADA"", ""Aaron"")","NSLOCTEXT(""[6A09C952BD2018D5E3B8EB81EA1490BE]"", ""3847B2400423298C13E1C73630E63ABD"", ""Samuel"")",OptionA,"NSLOCTEXT(""[C341474F947C4526FBE25B8F09B7F399]"", ""DA4E05E3A1F900C39213F5392A380664"", ""Joshua 1"")"
Q036,Q036,"NSLOCTEXT(""[CF5469FC53CD5CF33DFC2E172DD7B77E]"", ""2A2056D46933D855DC0E6F193FF42B60"", ""What fell after the Israelites marched around Jericho?"")","NSLOCTEXT(""[2326AA9C91BD1E812268A740C96858C6]"", ""0E1AEF5EB515E63228D07A963B14A454"", ""The gates"")","NSLOCTEXT(""[2DB892F0CF57C4F08673A111AA18A889]"", ""1621F045278B74C9436A1F881BEDD8DE"", ""The walls"")","NSLOCTEXT(""[CD7BDE3C1019F03522A006C1A4423807]"", ""992D5D28809FBD11E1F18E613E676742"", ""The towers"")","NSLOCTEXT(""[6DB3AA4851182BFA1E6ED3AA9BEB2F08]"", ""D23EA4B204D54F37F231D4A90552548C"", ""The temple"")",OptionB,"NSLOCTEXT(""[9D9B45262C5ACFA8D996ED3B937B2533]"", ""64F6ACDB81985F5DCFBEFB4E742095D5"", ""Joshua 6"")"
Q037,Q037,"NSLOCTEXT(""[8C8FD6B1904E1DF3C861475A82C162AF]"", ""F98C0908B6F35155EABB4C1C5EF4072F"", ""Who was the first king of Israel?"")","NSLOCTEXT(""[C6BE09024296330FD91CA35A75C52738]"", ""F955FD4C443B8444727127FC6FA0E17F"", ""David"")","NSLOCTEXT(""[96C3673C2E73359FDDBD2C05D4233346]"", ""6AAF38977D9F875567F3BC152F2DF30A"", ""Solomon"")","NSLOCTEXT(""[7F457562DC2ECD29CE30B11AB68FFE89]"", ""9AC21ECA511F7F928E9A8579A4C187A3"", ""Saul"")","NSLOCTEXT(""[1244E52CAF090E53C37EEFFC992FD817]"", ""49A225849E4E9C3C9E92E1A09D9D8CDD"", ""Samuel"")",OptionX,"NSLOCTEXT(""[2018215EDA7596036418122D7C3C4DBD]"", ""C82A937141861CA8A3A41A3B0C45AC36"", ""1 Samuel 10"")"
Q038,Q038,"NSLOCTEXT(""[588F576FB83006086160E5D3D4E5C16C]"", ""56355B6716F83C4B60A48177F77D9A8E"", ""Who anointed David as king?"")","NSLOCTEXT(""[308F94E0E3DA1410D22C68553FC13746]"", ""B04A44CAD99E57657C17A58AE8521B88"", ""Elijah"")","NSLOCTEXT(""[6B99CB5E51411495F35545EE19FCDF94]"", ""2F80E2E0B93FCB3D9CB868527F9BE035"", ""Nathan"")","NSLOCTEXT(""[44603FAA034142DCAD22A19A5FA1BF14]"", ""D87F9B6631168F83791DA42CBD42C698"", ""Samuel"")","NSLOCTEXT(""[A4F8B43A69942A2212EF8291F153E709]"", ""03A8FC6C4A3F5A00251418CD43AF35E0"", ""Saul"")",OptionX,"NSLOCTEXT(""[076679B2032B274DBFE0E9A3EFC6C51D]"", ""380C9C6EB424C03A970B09888EEDA930"", ""1 Samuel 16"")"
Q039,Q039,"NSLOCTEXT(""[3B1AD718FE3A585D2C69431E684C539A]"", ""CE378464C46067FE09C1325C0E34760F"", ""What weapon did David use to kill Goliath?"")","NSLOCTEXT(""[3FECBF105F88C8BABE77335EDB71478C]"", ""3F38823742F0512E7EAED64235B67AFA"", ""Sword"")","NSLOCTEXT(""[95A40DEBDAC612630D781EF1176D96DE]"", ""C0CFC6BAC2DFC3AE9632E3162B0D1356"", ""Spear"")","NSLOCTEXT(""[90482F6C92C37FB2DE736403F3040C65]"", ""8332FCF23C0CAEC07DC947D9D6ACBD17"", ""Sling and stone"")","NSLOCTEXT(""[BB1089F5BE788097F776143FE75C5962]"", ""51FFAA6156FADC8AA3BA9957EB8E9F7D"", ""Bow and arrow"")",OptionX,"NSLOCTEXT(""[8190C7D38BA0B15884C3A50C793C1D47]"", ""EBC9B7EB686977CBFD3E701B69603623"", ""1 Samuel 17"")"
Q040,Q040,"NSLOCTEXT(""[F5EB34A2483EE51A247AB4A596C6F6A3]"", ""E62E378BCC6DCC8E124E13289124874C"", ""Who was known for his patience despite great suffering?"")","NSLOCTEXT(""[6F9EB3960C85E33B6AE142A1C1ED7A37]"", ""F390F300593ADAC6E1932992795B3CA9"", ""Job"")","NSLOCTEXT(""[EF6CBB0B9565914E0234AC66F8543C61]"", ""3433DA0B57C07A60C08F568434304CD2"", ""Jonah"")","NSLOCTEXT(""[CBDEC14BAC44FE230C0DEF9D46BFD8D3]"", ""7882F16F02F6985DB3C7DD95DE2B3C32"", ""Jeremiah"")","NSLOCTEXT(""[9F28D3B61C6108625BCC0E7B7F9C0A2D]"", ""32AD18316E76F37EF13A0E73703BA484"", ""Elijah"")",OptionA,"NSLOCTEXT(""[C3F967C96CF5ACBF4AA8981F4A3732F6]"", ""3FB1FBA3F401A32E1B956CD9512B2A05"", ""Job 1-2"")"
Q041,Q041,"NSLOCTEXT(""[85B548C03257A30BAA4825C0E697A569]"", ""BF40EC95C960C3CC5052F1CA91997E59"", ""Who was taken up to heaven in a chariot of fire?"")","NSLOCTEXT(""[F0F05FA0EB5EA34DE9F42748F35AE7B6]"", ""5B72C8C39CE45EBFB8B6B4E2C2AE00CA"", ""Elisha"")","NSLOCTEXT(""[84450CD9284BE03DB05ED308E2397B74]"", ""E7AAE562F9A54D1C3F97BA09A977A289"", ""Elijah"")","NSLOCTEXT(""[A3DE0FABD21D32ECD73C9A7A3B84071C]"", ""40DF46DDAE3BF3F7FAEB67C86190BD36"", ""Enoch"")","NSLOCTEXT(""[DD2281886E3B66CB5D9C50B684202490]"", ""A373CFB748237C0EC94AB36385DF594A"", ""Moses"")",OptionB,"NSLOCTEXT(""[06E4992D9F58688C4091ED3914714BD1]"", ""9FC57D7A36CC133DCF58FBBDAF99954D"", ""2 Kings 2"")"
Q042,Q042,"NSLOCTEXT(""[12657D0028A40CEC23709B15A22A7075]"", ""5609935BDB6CBDF3B36B9C6337D5F2E3"", ""Who succeeded Elijah as prophet?"")","NSLOCTEXT(""[35A2B113D6169CC2AAEFBD7F58D5F39D]"", ""B45891437EF3BBD2A6AA2C697F03DD18"", ""Elisha"")","NSLOCTEXT(""[2D0F30726B9A156BE9B5CF6C31D99008]"", ""5AE802D49CD804BD25AAE5D7A68FE4B0"", ""Isaiah"")","NSLOCTEXT(""[D9CF7395864955167B6B4656730A3547]"", ""E9D46CF5FC3AF2A951A5C96122BE5E18"", ""Amos"")","NSLOCTEXT(""[FB2449A06EFB5DE26924064D0386D006]"", ""6E01DA3902B732A7602B837AC09244FA"", ""Hosea"")",OptionA,"NSLOCTEXT(""[4AC9485F01C917BDD63919FFA7D20BB1]"", ""D71B902C97FAD423A5E635799DB036AB"", ""2 Kings 2"")"
Q043,Q043,"NSLOCTEXT(""[5EBECD2E309E36D42F9BE20D9B5FD31F]"", ""395CA4A1F00D9AEA0712BF77A9B0484A"", ""What did the raven and dove do after the flood?"")","NSLOCTEXT(""[C1C5E6FF7EC05BB8381EBCB147D86C77]"", ""3CD38352A84EAE8C03ED5D8C5F81C2CD"", ""Sang songs"")","NSLOCTEXT(""[6C45D5A9D19625E5FCA44C88742AF7E4]"", ""044CC78811D155A5E72FF7BB3E9889AB"", ""Searched for dry land"")","NSLOCTEXT(""[EE784B8B57BA90A3DED844EA91337649]"", ""DE03851E0D86D83B5A08FA8102C20ECE"", ""Built nests"")","NSLOCTEXT(""[036E73786184786742EAEA9B39C4AF3F]"", ""F41B384EFA2452502BD9DE4AD9629FE1"", ""Attacked Noah"")",OptionB,"NSLOCTEXT(""[A50BBBAA6471F55A08353046F0CA58FF]"", ""8AFF55D2BCDD0E09CF8AE9072F33F738"", ""Genesis 8"")"
Q044,Q044,"NSLOCTEXT(""[B94F4550E2C3AD44C14352EDE5BDCC45]"", ""1DF1F365F9C480762126B80D05588338"", ""Who was the strongest of the judges of Israel?"")","NSLOCTEXT(""[63FDDA826D25544F44E7BE6DB9B1BAC2]"", ""31CCA1801B5E04AB4FFA7E2EA5EC463F"", ""Gideon"")","NSLOCTEXT(""[BB3C6074F00BBF14197CCCF45CD67F29]"", ""8E2E03F3358AE45E8672440ACCE0E67F"", ""Samson"")","NSLOCTEXT(""[BA19C038AB2641C443467FD0B7FE68AC]"", ""5C8EC9B38D6D0E58DADA7AC2334094C1"", ""Ehud"")","NSLOCTEXT(""[4A076889C2280FB2ECD21A0876AB62C6]"", ""3F3BD5BDB6D0AC3CFAECEA55BB896A78"", ""Deborah"")",OptionB,"NSLOCTEXT(""[3A88224AC3E9571503C66D308F7FB1B5]"", ""949034C443194513323C71167DFB9DDB"", ""Judges 13-16"")"
Q045,Q045,"NSLOCTEXT(""[F5505F2E416B6F27241122964DF5A9DA]"", ""0DFA8AB279B205A952BC4BB8D13129FD"", ""Who was the only female judge of Israel?"")","NSLOCTEXT(""[7DF06C5F2A13CA2A6F61EDCBE293C3D2]"", ""E992FF5071295C469FE3BA4A2CB08BE3"", ""Ruth"")","NSLOCTEXT(""[0270C04A8FABFDC5A2644864C997114F]"", ""A9C2AD8ED8C9C85C46C165D09F326AB4"", ""Esther"")","NSLOCTEXT(""[D3C192EF4EC1DCE6EAA8B7A5A7EA8C70]"", ""21BDAAD15C752116F2EBEBCDD11E9F2F"", ""Deborah"")","NSLOCTEXT(""[C104E1CB7EF6D75384C9D988EC99A121]"", ""CFE6994B00708477EC397D16A65BE713"", ""Miriam"")",OptionX,"NSLOCTEXT(""[40E6B63F8C90C8C3ACE5E1105CC2DC7A]"", ""F647B0A0DF914072FC2D4E4F01BC4558"", ""Judges 4"")"
Q046,Q046,"NSLOCTEXT(""[E7F322C1E569C2258CEB95863A621A74]"", ""DCD427AF0691BAB215BF13C8F0674E2D"", ""Who wrote most of the Psalms?"")","NSLOCTEXT(""[45346A2804063B6B4323687DBFF0509F]"", ""B71DE35B72C9B5BA9F65E64F3221196E"", ""Solomon"")","NSLOCTEXT(""[3BDC1A29F7D9F635DE9D262E61FE5326]"", ""C040085E3B982D100B59CFD3287F427E"", ""David"")","NSLOCTEXT(""[A1BC4A400604645253968DB279E258A3]"", ""30FA73897407EC294EDEC133DCC6282C"", ""Moses"")","NSLOCTEXT(""[EBBE3144819A6DCF77BF9CE5043BD5EC]"", ""D436E382CCC8DE6479F1CAACBBB0993D"", ""Asaph"")",OptionB,"NSLOCTEXT(""[6D2780BE4E10B8A1CF8BF558900D706F]"", ""7150BA83BBBE31591E1053C4CB080528"", ""Psalm 23 heading"")"
Q047,Q047,"NSLOCTEXT(""[7E36AE1CBC99F4A6207EC772C021F122]"", ""18B1932FEA41C6857BC9CF1CEA722152"", ""What did Solomon ask God for?"")","NSLOCTEXT(""[ACEC9E9FB5482981422E7DECB909563A]"", ""8BFAF20A54F077939BBE26AB7D85B86D"", ""Wealth"")","NSLOCTEXT(""[9762F0DCEF4435BA1EA63D6CF2D5E0DF]"", ""58AE6873E61016C039EB76EF04F7F0A2"", ""Wisdom"")","NSLOCTEXT(""[BF52D204BA616A741BDF637AFEB5517E]"", ""2E9239294561144F8E0691CFBB0C5269"", ""Long life"")","NSLOCTEXT(""[A231D57F9B639000828195EA9323BF9F]"", ""0453C7FAFEA5843BC898EFAD56DD6A12"", ""Power"")",OptionB,"NSLOCTEXT(""[4EC5F0C05325410CC708464D7EF94BC4]"", ""6D0D0F31DFB93C2B04D274626622D8A4"", ""1 Kings 3"")"
Q048,Q048,"NSLOCTEXT(""[6EC6A6A233513D4FC400A4CC648DC84A]"", ""4A28087702B17FE53BDECFE8BC927B71"", ""Who built the first temple in Jerusalem?"")","NSLOCTEXT(""[A8EA9F628D7BD3A63E4F354FA9F73C9F]"", ""D0FC18AA96724AB278BF0B240FC41E0C"", ""David"")","NSLOCTEXT(""[576302A9E4F1F665BA7C8835D1CFC94E]"", ""40978DA7C7A0853A404E67E7CBA77DE0"", ""Solomon"")","NSLOCTEXT(""[7BDB62053CAAB6FA622DBD07ACE3359B]"", ""F6BFCE1DBD61BCA1B551A9A6ECD012AC"", ""Hezekiah"")","NSLOCTEXT(""[3B710E279026388A8EFCB296BC1BE5C6]"", ""A8AA2089BD78599E5DDAB083B27F69D9"", ""Josiah"")",OptionB,"NSLOCTEXT(""[605547F414FC3E399C338F7F4BC7880E]"", ""7E96A828069D62746F32CC42C29064FB"", ""1 Kings 6"")"
Q049,Q049,"NSLOCTEXT(""[8870D2380B8090F3C1370A226F20D614]"", ""0CDD4480CA1760823F49D65E7EDF1AD1"", ""What sea did the Israelites cross on dry ground?"")","NSLOCTEXT(""[CD4F98ADD2FA29EB9E87EEC7CC982858]"", ""35BA20F2E70E54E0558EE37E5BFA526F"", ""Sea of Galilee"")","NSLOCTEXT(""[89452554AAF30B0F0DD448E781A0BD41]"", ""4E66DFA4525F1AB25A6EE13B29FC896D"", ""Dead Sea"")","NSLOCTEXT(""[E61287C99689B458E76BD310B74990EA]"", ""7EA0CE864BBDAD0F2D6E347817CC6139"", ""Red Sea"")","NSLOCTEXT(""[51BE28F67B7E4065A4B936F69C0A7A41]"", ""E1FB607C277A48092EF841A869ADD8F7"", ""Mediterranean Sea"")",OptionX,"NSLOCTEXT(""[C0AD9C2121CDE59E22AAA42654D0EC29]"", ""79E562A49BCED34BE2D70535EA4E7F74"", ""Exodus 14"")"
Q050,Q050,"NSLOCTEXT(""[7631A608ADB14E1A7CAC5B2F81289BD0]"", ""4E436CED71C8988FDB70EDE54A8786FC"", ""What food did God provide the Israelites in the wilderness?"")","NSLOCTEXT(""[92C24BC3683FDE754ED21E515739CB9C]"", ""01EE0A79CE79E9C831D0108DDF8902FD"", ""Bread and fish"")","NSLOCTEXT(""[FCE8AFF41C513AC06B9897F788B0FA04]"", ""DDECE98B5801CB766D753ECAF9CD83CC"", ""Manna"")","NSLOCTEXT(""[9DC425180F353B5D2116E0359054F49B]"", ""D844F3C0AF48A55F007EF4D9B1CA596F"", ""Honey"")","NSLOCTEXT(""[00A0E50BDE2EBD87CC5E453EB95BA2A7]"", ""78AD03E0D6FB99A2176CD6449BCDA738"", ""Grain"")",OptionB,"NSLOCTEXT(""[2CF0FCD1D0E9C7E225C1BE36A6D41803]"", ""FD6D6D4639D6AE7447C4CDBBEF23AD7D"", ""Exodus 16"")"
Q051,Q051,"NSLOCTEXT(""[B150EC52A4FA2FEF25C4FD6FE893223E]"", ""CDACB3C4E00AD3867E0B0E6CDB272A8F"", ""Who spoke to God through a burning bush?"")","NSLOCTEXT(""[50CD46F13F44A52E515F6A23457F10DB]"", ""78CDA46C95D87FA951F1FA18D7123CE3"", ""Aaron"")","NSLOCTEXT(""[C8917E098A21D26212DA3B900F4D5671]"", ""F0DA43D6D6199DBC61D19416FD51F280"", ""Moses"")","NSLOCTEXT(""[340E6252E213F7DBCAF9C0D6D617472D]"", ""7504DDDBF576DFA1FC9234247D79E2E5"", ""Joshua"")","NSLOCTEXT(""[4B1B424E405262745C9B7F3A2AB23EC4]"", ""82D1F017E6674A0DD47821377CD38522"", ""Elijah"")",OptionB,"NSLOCTEXT(""[D11B853750E2220A7D5B94520E97709C]"", ""1EB75B9F75174693E9123216786FE31B"", ""Exodus 3"")"
Q052,Q052,"NSLOCTEXT(""[E25AC24F6E27A2EEC9A901C804B122AC]"", ""1C47C76728C639737F22EE90BDA09613"", ""How many commandments did God give Moses?"")","NSLOCTEXT(""[9F5AAD5FF97BE5DFCC785D1D17FB5E8B]"", ""75163C6863026D5D190BD2515A75B7AA"", ""10"")","NSLOCTEXT(""[6E40F4EBF7132A7D2C0B006E24314FA1]"", ""4CF79CB218F307B65690ACE8A4409735"", ""12"")","NSLOCTEXT(""[A809ED4D0B2AC67998BF9DBA0BC212E8]"", ""0D490075DBC7EFF7D903EF2EEF3BB709"", ""7"")","NSLOCTEXT(""[1AAB9750915D285CCAC802DBEC904C3F]"", ""525C4C58649065F3E89CAA04C4C7E49A"", ""5"")",OptionA,"NSLOCTEXT(""[2BBFF735FCFBA4ECD63719C1E77CB837]"", ""8E29F05013154E7EC12D4B344E2D6A83"", ""Exodus 20"")"
Q053,Q053,"NSLOCTEXT(""[7918523F13404871CB6742F20A6A77E6]"", ""7A84A87271846ADD365D46468A8731D3"", ""Who was Ruth's mother-in-law?"")","NSLOCTEXT(""[F3EAD3677E456AF961492F3A36DC406E]"", ""E8C53905B6D693E89EAE13F4BBB4594F"", ""Naomi"")","NSLOCTEXT(""[EF34CF02D2F4AC5A941E90BF0E2AC6F9]"", ""71E2FC050F9603762563BF6510F3561A"", ""Orpah"")","NSLOCTEXT(""[6C8B4C13C908C768B077A8150F1189DC]"", ""9693116C0B6C3430C416FCA016E2E80C"", ""Rachel"")","NSLOCTEXT(""[BBBE12E11BB87A61F0EDF2CE32FC76D6]"", ""ED97C005066000FFD3F36144D9798DCE"", ""Leah"")",OptionA,"NSLOCTEXT(""[81A660693273B43A293C5D977E0FCD05]"", ""E2096CB9EDDD3321A85353953B50EAA0"", ""Ruth 1"")"
Q054,Q054,"NSLOCTEXT(""[AEAA05D8C3FDB5C94C7B2BE5109FBBA6]"", ""3A71BF73A72372FC1EB5B2D847990DC5"", ""Who became queen of Persia and saved her people?"")","NSLOCTEXT(""[90FA12D0104FC710718666AA616A1614]"", ""F1394B625E2FBE049CFB1F47EB128AE9"", ""Ruth"")","NSLOCTEXT(""[E6993F73E7CBE9CCC91F1EB644C977F1]"", ""57E90E35B475A847281EA34C02D88104"", ""Esther"")","NSLOCTEXT(""[3CC8E62E3B08398A9AA6D8E8B31A11FB]"", ""8769513B7BF1F218965F9EB2347C5F56"", ""Deborah"")","NSLOCTEXT(""[1D6EF767860D91CEEDAC925567CE0995]"", ""99CBB804C5BD4FD8A58CE570E650F662"", ""Miriam"")",OptionB,"NSLOCTEXT(""[7A5A2B0C2E503F1A1BA367DB41C73BE7]"", ""EB06B9BD305806DD009EAA41AC578A81"", ""Esther 2"")"
Q055,Q055,"NSLOCTEXT(""[724C77384ED9F11199735502A9FA11A0]"", ""49372483C4DA61D370A91D57427CEAFE"", ""Who was thrown into a fiery furnace?"")","NSLOCTEXT(""[EB2D441B4B834D0474A6699FF9CF6D58]"", ""68869D9A8C56BA1C98DE800E315614D9"", ""Daniel"")","NSLOCTEXT(""[747CA2685E01145C1762CC1A2B270E58]"", ""410F04FEFC97A70A1E7254ABC8E27C18"", ""Shadrach, Meshach, and Abednego"")","NSLOCTEXT(""[4ABA2D04B94F7F9C760EC7A867A7E3E4]"", ""57A1FD2ED110ECCB560A1AAC726771B7"", ""Ezra"")","NSLOCTEXT(""[4AC677058B7B674C049ACFAFD0B1EBE2]"", ""18E2F35EBDAD7699B5A015EF17A21093"", ""Nehemiah"")",OptionB,"NSLOCTEXT(""[74E316E0199BD03DFF5276D956760C3D]"", ""6DFA3E478620E03B5B41AD6C55818BA7"", ""Daniel 3"")"
Q056,Q056,"NSLOCTEXT(""[B05AA8F04FC9A04438B8692C0E31AF3C]"", ""7FD4815981AD7A1E907DF8FB02A0AA4C"", ""Who rebuilt the walls of Jerusalem?"")","NSLOCTEXT(""[4E5605610FF48FF82517B18E3C3ADE39]"", ""7AE08E901BD0C5D75AFDDF61650F5A0E"", ""Ezra"")","NSLOCTEXT(""[6EE0BB58C38CBC714CC5F285E3BA3844]"", ""E29EC936ACBF2C21A1387EC212C97AB9"", ""Nehemiah"")","NSLOCTEXT(""[2CC1738533276BCCAEEB033ABE006465]"", ""3C49C55FFE9921C5BB8F2BF0DA2CA54F"", ""Zerubbabel"")","NSLOCTEXT(""[374C7690F1B1B88C4BD40364D3304048]"", ""5F66A63C647BBCF77162380101E58F60"", ""Haggai"")",OptionB,"NSLOCTEXT(""[9BC204DA90A71EA30BB98DACF827615E]"", ""7D7B381DEE03FA623CB50333B172D4D0"", ""Nehemiah 2"")"
Q057,Q057,"NSLOCTEXT(""[40876EF2D23F369CEA54F59EE5D205B2]"", ""A5796BDB245763426475F00D0B3AA30F"", ""Who was Jesus' cousin and forerunner?"")","NSLOCTEXT(""[22BE02800C5D23010F65D4A2FADCB288]"", ""04F8E91B97392E4C1C774008F1C7E5A6"", ""James"")","NSLOCTEXT(""[C152A5CA3CB27D773D63F4C8CF4D8315]"", ""AD4D25E91A614CFBE1A2EDE264651A60"", ""Andrew"")","NSLOCTEXT(""[74A193570F0527E46D7E8E0798390698]"", ""EF2DE0393467C99CA0740090BD194A9A"", ""John the Baptist"")","NSLOCTEXT(""[F85FDE7EBA9FB8276593EDCED292DBF5]"", ""E19F1E800983CB3ADD76A883A0EB9F67"", ""Thomas"")",OptionX,"NSLOCTEXT(""[D668F3092F7A980ADA938BEC0EA43AB7]"", ""F6A78D675745C7D3B0D46EAE6061E078"", ""Luke 1"")"
Q058,Q058,"NSLOCTEXT(""[8789DEA408BE79481336F12CCE5320BC]"", ""86F5F30482C1A69F13EC91FD637AB9BA"", ""How many loaves and fish fed the 5000?"")","NSLOCTEXT(""[0A13C5F4CB475B1F7CEAC3F9B77E0A65]"", ""DA86497F34F60BD7C160E62811395F31"", ""5 loaves and 2 fish"")","NSLOCTEXT(""[88E669018DD731B8ED58D6192D9FC68D]"", ""E404BE1BBD5E5DD0CAD27F942A998D19"", ""2 loaves and 5 fish"")","NSLOCTEXT(""[533BE36FCBC81D24AD701C9DA31CCFE1]"", ""EED0D9A560246D34559577247EA0A2AE"", ""7 loaves and 3 fish"")","NSLOCTEXT(""[057E7099BB84DFDBBA6C3D0298117356]"", ""CF3AFE85653C60198902E5525D686490"", ""3 loaves and 2 fish"")",OptionA,"NSLOCTEXT(""[5D67995BA0B931CD496D874980682C61]"", ""AD97416DB0CF68B793B36BD40615E4D8"", ""John 6"")"
Q059,Q059,"NSLOCTEXT(""[893F326B667335B7E1389D29C9C1C865]"", ""6537F2A3F24AAAB6A053D4FF5AEF09C9"", ""Who walked on water toward Jesus?"")","NSLOCTEXT(""[718696A0F8CB2FF9CDA797003930E5E9]"", ""4CF9ACF3691F1235ECCCB3359686703B"", ""Peter"")","NSLOCTEXT(""[A59E85F0672A28DBECB8D44FC898AEC4]"", ""07EB6A121BE93FD0960C75A7D66BFD61"", ""John"")","NSLOCTEXT(""[F75496E7E029D392310E7CEC5090D400]"", ""17992C2C49764943DF6D525B7B94A6AB"", ""James"")","NSLOCTEXT(""[0A2D5DC3EBBAEA380DE146D0D8FDFA45]"", ""8CAA3748997E59AC7694C6BBD21331EC"", ""Andrew"")",OptionA,"NSLOCTEXT(""[D45BB2B173FDFD2C62AD16D517734939]"", ""865312DABEBFFC7FD4A628410B81EB89"", ""Matthew 14"")"
Q060,Q060,"NSLOCTEXT(""[893B41AB7A8BF8ABDE383EE673E9B084]"", ""4F220743EA9154DD0348E04B024FEBCE"", ""Who was raised from the dead by Jesus after four days in the tomb?"")","NSLOCTEXT(""[8CF3DFBFC74D300B4CD6380A28010A56]"", ""96967456EDB679DA63645D0A7AE09AB0"", ""Jairus' daughter"")","NSLOCTEXT(""[34BA1B7307456F8142F8711AD1AE0045]"", ""F85BC526B38D3E7C4BA4B6AA664806F9"", ""Lazarus"")","NSLOCTEXT(""[DCE8886E919F908FC1729F09042A281E]"", ""3976F086CF9099588B90D5458A430D28"", ""The widow's son"")","NSLOCTEXT(""[B4F18C914687924099A5121C57838520]"", ""660F794551E69AFDCE7A2E71804C92F7"", ""Tabitha"")",OptionB,"NSLOCTEXT(""[A5DEDE32BE404A8632BE19E5844B8D25]"", ""4546F9B3BAF5B9E1F52C274BD0D6542F"", ""John 11"")"
Q061,Q061,"NSLOCTEXT(""[EBCBAB1859A21D00FAAFAB96ACC257BC]"", ""B923E1827907F54F192E0CBC603A9256"", ""On what day did Jesus rise from the dead?"")","NSLOCTEXT(""[516989DFE09A035294A68AC5AE98BBDB]"", ""D1A27D142646D95AB784FD246AB6C06D"", ""Friday"")","NSLOCTEXT(""[C53DC7F8EC4BE37A247DC744BA3D731F]"", ""050E6799F976E0574AE00528E2FC167F"", ""Saturday"")","NSLOCTEXT(""[C741B0D65FC354984862B059265B4FC9]"", ""FEDBC5D45D1E311215DA8E78A11E8375"", ""The third day"")","NSLOCTEXT(""[500B76D7A78D01968E371CCCF7CB6B2E]"", ""4CB5574384B56A8B2A57A2B3F25B6CCA"", ""The seventh day"")",OptionX,"NSLOCTEXT(""[0E23FA8019072D4D2FCD09D188CAAEA2]"", ""571F190D6031C8D8C4C36C62E30B646B"", ""Luke 24"")"
Q062,Q062,"NSLOCTEXT(""[680572B96B5E3C0ACDBFE915A331A6C8]"", ""368CAE11DC63DD21729650F8AD722ECC"", ""Who was the disciple who doubted Jesus' resurrection?"")","NSLOCTEXT(""[708B2E1B4A1B5BAD365F074211F66C91]"", ""4357D7D0306818CD8444FD105CF42305"", ""Peter"")","NSLOCTEXT(""[AFA07BA111D930F7DDC24413A88D81B6]"", ""E1D423684B14AC2A28E355B17018D381"", ""Thomas"")","NSLOCTEXT(""[72E968D60359ABDE20B4ECC934D111E3]"", ""5973868746465602D5480B07CF4CD245"", ""Philip"")","NSLOCTEXT(""[D46556D6108A0FE1F02CF0CEE54390DD]"", ""DB831FB279133A58343DADEB4F841C68"", ""Bartholomew"")",OptionB,"NSLOCTEXT(""[256A194A19C5763EC496FBA402D635B2]"", ""47F53EB4EC71DDBFCB62FEA3199513E8"", ""John 20"")"
Q063,Q063,"NSLOCTEXT(""[ADCA23FE85B689D0E6BE797170873A2C]"", ""1801C10D0749809D09460BB31C30B419"", ""Who persecuted Christians before his conversion?"")","NSLOCTEXT(""[63B392B0D491478240158F721F5327BC]"", ""E8FEF067BF7A31DE26496D0D1B475785"", ""Barnabas"")","NSLOCTEXT(""[69608C3873981C705DFF3CB3BF6DB8AE]"", ""F1085A2843880F8595A7345E4AC0B3D0"", ""Silas"")","NSLOCTEXT(""[E9E69510DD1EE4806D4A47F0E487A781]"", ""5F55CF553C9C6014C1A53219E1585EA4"", ""Saul (Paul)"")","NSLOCTEXT(""[071519F9D67FEC73EFD1A03724FF9BB1]"", ""319773F096DF8FA5DC646E3C2FE431BF"", ""Timothy"")",OptionX,"NSLOCTEXT(""[2149786CECB369ABDF2EB2326C65BE67]"", ""771547B3E2E32FB19F2FBF310E44F965"", ""Acts 9"")"
Q064,Q064,"NSLOCTEXT(""[6F94CB1279B9B0D45F4449F5E726FF74]"", ""FA78047DCA07586C7A1350B34FAEB3B0"", ""What happened to Saul on the road to Damascus?"")","NSLOCTEXT(""[B434400F258FF955ABF73CE9AC2FD461]"", ""69A5851EB758081BF6EB5D0C9410BC88"", ""He was healed"")","NSLOCTEXT(""[7DCB83456900A010850B93C9AF917F19]"", ""26211977E9218771AA6F00E4A4CB17F5"", ""He saw a bright light and heard Jesus"")","NSLOCTEXT(""[48B8B583AB70C3F6D13722B03F3B9CA8]"", ""345AFC1FF25C8A5FEA46F62A1831B8BF"", ""He met Peter"")","NSLOCTEXT(""[006B3FDB7666569962C6C50627ED6127]"", ""BB6E1C0A7B3F72B0A3161DE0E7EEBF9D"", ""He was arrested"")",OptionB,"NSLOCTEXT(""[708C6F113912F8E4E0D66331BCC2C2E3]"", ""73C13683016400665CCEAE642E32EF7F"", ""Acts 9"")"
Q065,Q065,"NSLOCTEXT(""[FF616E1E8340C5DBF8F1BA6ACB61A6ED]"", ""5E5D8FF9E8C4B2EF8AC41D6E42B082BE"", ""What was Paul's name before his conversion?"")","NSLOCTEXT(""[94FA3B8738E7B79293AAC08ED6B723E1]"", ""41DED49D9C24E67D1F8049B0C48C3790"", ""Silas"")","NSLOCTEXT(""[E39FF67CD21879871307DD1F4885B51D]"", ""83183C881EF7F3F2E365DD563E4DF9B9"", ""Saul"")","NSLOCTEXT(""[7824922207165D066A324DC674A5B1FB]"", ""3181BF68B1E618468AACFA85EEA37FE3"", ""Stephen"")","NSLOCTEXT(""[696F0353E55E224A10F414A718790BD5]"", ""3DF5FE3FB9909BE9FD7CB8CA5B145DA5"", ""Simon"")",OptionB,"NSLOCTEXT(""[3244BF6EE3B88EB93D2F75C13C517B9E]"", ""FE073DDAA9F9B3E0D96BF1060947E1B6"", ""Acts 13:9"")"
Q066,Q066,"NSLOCTEXT(""[BC532D861E61168FDA8EF73D80BE4B28]"", ""C423D4D736C3487BDA70175C72A26E34"", ""Who was the first Christian martyr?"")","NSLOCTEXT(""[DB01F9B6633CE4AC886E64E06D15FD2F]"", ""B2BAD8194BA4FB3C0BE2FC6529CC5BBB"", ""Paul"")","NSLOCTEXT(""[A8C5E2A00D3DECC67A23D8B8BDD387EB]"", ""E0F47C814DBECEDDF02AAB3C5BA609C6"", ""Stephen"")","NSLOCTEXT(""[276E1A0C402BF0CE5323E418333FD6E7]"", ""0D0A6477ED239262EAD26C299DE99B60"", ""James"")","NSLOCTEXT(""[A3BA6220C84313C471BFFCD844141DB9]"", ""70466FA7501BD426312DCA58C7CB2060"", ""Peter"")",OptionB,"NSLOCTEXT(""[F4B4A5A319C674AE51174941AB03645E]"", ""5016741807285C3D4B6E6CE1FAE1C189"", ""Acts 7"")"
Q067,Q067,"NSLOCTEXT(""[F64464D2869E3ACB89EAF56086F29031]"", ""09B6CB7924E7D0B540CD311386CA1FD3"", ""How many books are in the New Testament?"")","NSLOCTEXT(""[E8E1A9BE14D33A3AF9D63476F94AF4CA]"", ""B5154434DA56CF1B162D61615A4D1505"", ""27"")","NSLOCTEXT(""[2A19D1757AF19BF5E8C1D097FCD7A2DA]"", ""8C22A5F4B56331F899B79947B7D3DABC"", ""39"")","NSLOCTEXT(""[0C4EDDFC3E3AE6BB1157B4410C294AE4]"", ""0B952EC3AC5F06FB6666B440156DACD1"", ""66"")","NSLOCTEXT(""[6B8DC9C8ECDEAF28CCA91EFD6401FBCF]"", ""0B235C5C35AC8DE8257F7638C713CC1E"", ""24"")",OptionA,"NSLOCTEXT(""[293B3E93A1642BE75F2C5B08A8476208]"", ""5B16D45BF05B2E96719D4897BC0A078B"", ""New Testament canon"")"
Q068,Q068,"NSLOCTEXT(""[5D8772A38B7F926713B7ED776EB2ECEF]"", ""52620A59B7C4052AB5B2FC6A802623BD"", ""How many books are in the Old Testament (Protestant canon)?"")","NSLOCTEXT(""[38FFE69D8939CB01B606F5F663F5F619]"", ""7272A2BD1F7ED372173D521416C25E75"", ""27"")","NSLOCTEXT(""[FBEBA1E75A4E5E8C6AB549C3D608EF1A]"", ""28C798CDF6C58E8E199F1B257A75E164"", ""39"")","NSLOCTEXT(""[AE3823085AEA0CB276AD1B8E920D6F36]"", ""34769090798CCF021C1EB89D071617AA"", ""66"")","NSLOCTEXT(""[F6631313F5A734686DB5F46BA9DE7458]"", ""282328E43DF13845B518C6CABB5C2FBC"", ""24"")",OptionB,"NSLOCTEXT(""[A4BAB5C2A9273DEAB5284E0390827FD8]"", ""27C48785F31F911BC48C3DABC5543018"", ""Old Testament canon"")"
Q069,Q069,"NSLOCTEXT(""[C168C3019C38C9457E78FE3D6DFE89C4]"", ""CF177B82BD2FEB519DA718BDF3FA8B11"", ""Who wrote the book of Revelation?"")","NSLOCTEXT(""[FB3E27B4AEF3DD7023BFBD8116193BD6]"", ""16056D621C49CBCD239F6AD0D0F50586"", ""Paul"")","NSLOCTEXT(""[E06443C16CA0499C3B3471138C2011C1]"", ""69619A45DA278BD47BB29CA69C2937A0"", ""Peter"")","NSLOCTEXT(""[A3AABFED123CDEB7A2C8D44FD399ECC5]"", ""5CEFDB037B9F53DB4CABD074D32F844A"", ""John"")","NSLOCTEXT(""[850344613DAC63D75684F9F2B058E45F]"", ""C482DD4B6E7C40602AE4B5351F0F8723"", ""James"")",OptionX,"NSLOCTEXT(""[70C0E4E9931075239828AE628AF828C5]"", ""266A4953B05DCB9200A64D62467AA8A0"", ""Revelation 1"")"
Q070,Q070,"NSLOCTEXT(""[CAC859DC4332D4317F829A709A57309D]"", ""ED16A596141C98B875F4C91E85C6DEE0"", ""What is the shortest verse in the Bible?"")","NSLOCTEXT(""[DBCDBDE531EC92CAF194E7DAD7AFE90D]"", ""55E4EC77765B132F2E5AA35C608B4D34"", ""\""God is love\"""")","NSLOCTEXT(""[D411FD480CC8828E20DF2BD9F65FFB5F]"", ""5A00A6402529084B8D399F16964F51F6"", ""\""Jesus wept\"""")","NSLOCTEXT(""[D49BD1FE94C0E0B8DA96D312DC95AA54]"", ""86EA629AB23456E30AB2D107969F38F6"", ""\""Pray always\"""")","NSLOCTEXT(""[DACE11E341506A2748D778304690827A]"", ""A258B9A6E1BA06FFD57238D574385C81"", ""\""Rejoice always\"""")",OptionB,"NSLOCTEXT(""[3101742B0EEC64C7C729D427C924CD4B]"", ""AA85552184FBC69463C8856D1DD1ACC7"", ""John 11:35"")"
Q071,Q071,"NSLOCTEXT(""[635D80B22CF6A4EFF80C09385864AAF8]"", ""2067783089B342EF867B3DC7C9543A39"", ""Who was the tax collector who climbed a tree to see Jesus?"")","NSLOCTEXT(""[41966683DCDEAE4D7D08452EC9F6FD68]"", ""E553B3301286BF6FBEF923A3A81A7F58"", ""Matthew"")","NSLOCTEXT(""[EBB0229A9E1AE0B73EF7852F7C6C7A6F]"", ""C5269E23DE1BE8EDC5504D59BBD80C78"", ""Zacchaeus"")","NSLOCTEXT(""[D2983E3CCB4873ECC92A31988DB5A0A5]"", ""F2F314ED3B3DD237DD82E330AB8FDE2D"", ""Levi"")","NSLOCTEXT(""[FE3928425B72DC40A2444E5AF6C2FCEA]"", ""8D9BCAFD9CDD6A7035066244139A8061"", ""Nicodemus"")",OptionB,"NSLOCTEXT(""[5693832FBDF2100344F8645F8722A142]"", ""B0181B90C3A529921CF993B966C690E7"", ""Luke 19"")"
Q072,Q072,"NSLOCTEXT(""[3D90B425379962C882A4F02778F8DB12]"", ""ECE08688A9B194C519614526D8746E2F"", ""Who anointed Jesus' feet with expensive perfume?"")","NSLOCTEXT(""[0A7D13B1D1B5CBD8F9760376AF56A090]"", ""FCE9496B8AE14C28EC4456A218947B64"", ""Martha"")","NSLOCTEXT(""[54160683294BDEBFDA6132AC1CBAC544]"", ""927045F3B687C91021F1AB5265766F83"", ""Mary"")","NSLOCTEXT(""[79CD44E731D36886AB725C573D5EDF0B]"", ""C81035C2B76EB358AFDE216B2C0610E6"", ""Salome"")","NSLOCTEXT(""[187439C93EBC6804985564BC65E4B0CA]"", ""BD0291622EEB64476F238C56F958A9AD"", ""Joanna"")",OptionB,"NSLOCTEXT(""[CD4CF933BF709E5F075827CC631FCD8A]"", ""E122155AB6881DD486652F4CC4BC71A8"", ""John 12"")"
Q073,Q073,"NSLOCTEXT(""[6BC16EDE3EA67803898A9A514C5AC072]"", ""9162BA856E8A2778E8AE8C32A4C032A1"", ""What did Jesus turn water into at the wedding at Cana?"")","NSLOCTEXT(""[5F4A6FD8A906372F17FD2821D04B0131]"", ""B788A468DBA8745EA4AA06D3F93BA300"", ""Oil"")","NSLOCTEXT(""[F68A2D9CBD3AE6FBBF40772F2141795B]"", ""8C07C78D9B84F396D86170E7FC6F5502"", ""Wine"")","NSLOCTEXT(""[4187E7FF8C72A229E519DB66CA60808A]"", ""E5CB63DC3F998B1A403C6C20020DD0D5"", ""Milk"")","NSLOCTEXT(""[405A6CA4C9AFC5C2B2FCC974D9FDE657]"", ""FD37313A1B5CA2C8C8472E3B7644D656"", ""Honey"")",OptionB,"NSLOCTEXT(""[DD9C9FFD24D3C39C9D703D67F21E292F]"", ""9244A159714DA3867586E7816B4AAB4D"", ""John 2"")"
Q074,Q074,"NSLOCTEXT(""[85DE7FFFD0F63FDF6AD3AA39B0D74A1E]"", ""86FC136DC74B49C82B4980B5EEE50C5C"", ""Who carried Jesus' cross to Golgotha?"")","NSLOCTEXT(""[36B30D9B222CB239FDA4D9F8F3690A60]"", ""D21E394EB05CDC1FA818F0860F57080F"", ""Peter"")","NSLOCTEXT(""[25434DE51EF65A247012D557E52255E2]"", ""416E648BC8C1CAF180120AA88390ED57"", ""Simon of Cyrene"")","NSLOCTEXT(""[2912546371F2ABE90B7F371CFE7D81D4]"", ""8A2E591B7F4FF6DEE9F04ADFEA2F1EC5"", ""John"")","NSLOCTEXT(""[AC96A1730341504B0561E739FECBC7B5]"", ""BAEC76C6616C721790395D0185EFAE4F"", ""Barabbas"")",OptionB,"NSLOCTEXT(""[CE5669772786C408CEDF05FD63E471CD]"", ""8E603FD0E893413E8540C1AEF6837AC0"", ""Luke 23"")"
Q075,Q075,"NSLOCTEXT(""[F3FBD829D8E53D8C0962D425495C288B]"", ""291C2F4B2FCE318FAC7EF1302114E9DD"", ""Who was released instead of Jesus by Pilate?"")","NSLOCTEXT(""[738A2C812CD6E6586B98ECD1661FD73D]"", ""4CF884C9379C4B8DA2088B333F4E4102"", ""Barabbas"")","NSLOCTEXT(""[590E21FCCD54A91C9C3D301EFFA7DCF9]"", ""8B0FA68EBCA386F8AA9322AB7C08D278"", ""Judas"")","NSLOCTEXT(""[A343ACF657178566AD0CEDD5D898423C]"", ""511F8B93CD805B771D6C1B255CF129F9"", ""Herod"")","NSLOCTEXT(""[F2A1659ECDA898DA960150D3E29175D5]"", ""3186987DDFAA7CCAD9DA0522E30D7969"", ""Caiaphas"")",OptionA,"NSLOCTEXT(""[9FBD68080B39D091237C6D602FBDE7E3]"", ""B5D62A6CC939999ADD761A42EFC4B1C9"", ""Matthew 27"")"
Q076,Q076,"NSLOCTEXT(""[C362788F3202D1FB5D40FB194510A8FF]"", ""0053D10B0B3ADC3E31222F20358624C6"", ""What mountain did Jesus give the Sermon on?"")","NSLOCTEXT(""[2BBCE9F9116E7B88BB58466C21089DD5]"", ""2BDB3F9CA98AFEF653EA2C02EBC789B2"", ""Mount Sinai"")","NSLOCTEXT(""[570FD7A7E35D576753DA20B8FD6F1976]"", ""70A7BB2B74D0A54E075CCA9B58DFF130"", ""Mount of Olives"")","NSLOCTEXT(""[C7DB5452B452F10BA34E8A269C729A64]"", ""8157EC173E541F92E9BE103D89E7E614"", ""The Mount (unnamed)"")","NSLOCTEXT(""[576B8D87540C9F41F29C5B0AF84F7820]"", ""405CE6207C35636B062A3C68FEA72353"", ""Mount Zion"")",OptionX,"NSLOCTEXT(""[F7F1E53166757A5F8D755F2D6DAB8C6E]"", ""64E048D207D898F90FE60A6267303CFF"", ""Matthew 5"")"
Q077,Q077,"NSLOCTEXT(""[AF1834CB4BBA06DAE574EEAB6A9B8E20]"", ""7C52EEF1AAD840D68EA61933DF64A041"", ""Who was Jesus' earthly (adoptive) father?"")","NSLOCTEXT(""[AB1879938595871C1F4B7ADEADE3AD87]"", ""BC1205C9B524F6EBB949380EA972ACA3"", ""Joseph"")","NSLOCTEXT(""[08AB12CBA37B188E20CD6BB854CC7054]"", ""BF1026B2260A3ECDBCD5FDDB20796572"", ""Zechariah"")","NSLOCTEXT(""[C13C541E48521306CB0AEB404C79CF97]"", ""F6409E8A47FC4836D824CB61D0C572AB"", ""Cleopas"")","NSLOCTEXT(""[8D009F79DA75842E6328836B57E507A5]"", ""1CCD36D4C6638392A8D73AA38E37D8F8"", ""Simeon"")",OptionA,"NSLOCTEXT(""[7D9F08880D8EA65BCB7E2BE2B64B285E]"", ""8742619A677F45345CFD13F2995423B6"", ""Matthew 1"")"
Q078,Q078,"NSLOCTEXT(""[8FAEF9266DE4526867175B40C91AC44D]"", ""C1FBADCB799AAB4F7C8AE82B1E865DCF"", ""Who visited Jesus' tomb and found it empty?"")","NSLOCTEXT(""[893A9A6428C80F8153522FFC552BC7E2]"", ""B20DF39B8282C8D5E345D7D3EF9A5680"", ""The disciples"")","NSLOCTEXT(""[1DB291B6C8D80DB281342205815C0302]"", ""809AEDB7DCFCA395A461B8B391353653"", ""The Roman guards"")","NSLOCTEXT(""[79EE7D4AD2BD649D3766962258C7A7D3]"", ""321EDB5BCFB8ECBAC3D53E6AF0E61B8D"", ""The women"")","NSLOCTEXT(""[7726AF7E21BD71314DEDF79E20BAB46C]"", ""1574D5B9A7D760D4165854A94379BD48"", ""The Pharisees"")",OptionX,"NSLOCTEXT(""[4289E4931F8029CE800AF03016A142F3]"", ""D5665939618D6457B25F39E7CD06C565"", ""Luke 24"")"
Q079,Q079,"NSLOCTEXT(""[F69F9D9A1DD1E39838DB295E3988CCE4]"", ""9202952FC8F276421FBAA63DDA8523B3"", ""What day of Pentecost event involved tongues of fire?"")","NSLOCTEXT(""[E39BB9972960DA2EDCF04915519ECFA5]"", ""0FB0DED4F3FBBAB79A0A7E2AC97A9339"", ""Ascension"")","NSLOCTEXT(""[CDE04508A744BB5C4399EF7517F90D08]"", ""A4D318123C7E9D044912706BDDA7A064"", ""Pentecost"")","NSLOCTEXT(""[28CA1747AAD129CC94C2C7DC4B714979]"", ""1889FB765E955748384EBC9DE8D19C67"", ""Transfiguration"")","NSLOCTEXT(""[E413F4C523513DC2DA5055E1510BD94A]"", ""D88465F8EC592A855F1C85C1485D1587"", ""Passover"")",OptionB,"NSLOCTEXT(""[8136DD17C87F71EF2D4AAFAE08BAD591]"", ""3676C8AC9D31B3CD197E0F299DD98787"", ""Acts 2"")"
Q080,Q080,"NSLOCTEXT(""[909785CF8E2387E592431A416CBFA6CA]"", ""70232CA08B56449BB64D85C8B4342333"", ""Who was struck blind for lying to the Holy Spirit along with his wife?"")","NSLOCTEXT(""[ABBE18335C94A51EE2882A8BECD6C9BE]"", ""3AF5925A013F7178308AEB11979FAD2B"", ""Ananias"")","NSLOCTEXT(""[E9688BC2F28E962BA514946743C6C401]"", ""C15E4008452E0DF6CC4184B7BC0E9E8A"", ""Barnabas"")","NSLOCTEXT(""[6D41D25BE3AB747E398BF9D67B9698F7]"", ""D54B9D85B0754228B79FD18757C4B57B"", ""Silas"")","NSLOCTEXT(""[F2B31B2A389A674E46E4700BE46C78BD]"", ""DD44BAF9B9CDE18EAC0F1C65EBDEA912"", ""Timothy"")",OptionA,"NSLOCTEXT(""[942761412D7844082206F4B28A513E94]"", ""D3823445F8661E0EED9950C3693D9B63"", ""Acts 5"")"
Q081,Q081,"NSLOCTEXT(""[20DCBBDC55BAD04C0E59348DAFEBD52C]"", ""762BC86C5A228477B33D98B04C7C30D5"", ""Who was the Roman centurion whose servant Jesus healed?"")","NSLOCTEXT(""[64396D6317ED31F4CB6BF586E6E4A3F9]"", ""8EC4149F3091642C341FCE327676ED99"", ""Cornelius"")","NSLOCTEXT(""[1207A0D2FE2017357DD9503B2D60356B]"", ""81E378F8B24A9AE8897C3C844F4977A9"", ""A centurion at Capernaum"")","NSLOCTEXT(""[45C2C711DBD474547BE4F137FA28C668]"", ""47F4B326F15AB58B6069F92B31E76492"", ""Pilate"")","NSLOCTEXT(""[EE77B4C64455F12A67110D18E22F478F]"", ""F894F770A634BE91E0F8D74C51E31A45"", ""Felix"")",OptionB,"NSLOCTEXT(""[A50BE070210E2FF71698E2418F983ADF]"", ""1895DA6916D67906CC33A337DAD9DF3E"", ""Matthew 8"")"
Q082,Q082,"NSLOCTEXT(""[D425B34A5D05BF13B270AC74C2AF7543]"", ""6C47EB8A7309041BB1904240546FBE4B"", ""Who was the first Gentile convert baptized by Peter?"")","NSLOCTEXT(""[5A0EC7CA4DD9260D09DC22E4B0641B9E]"", ""B5606537A016B12147B1A998ED0C2A2F"", ""Cornelius"")","NSLOCTEXT(""[CFF04F79AADC5D7ABD8965D6BCE760E8]"", ""9DBC566B80E0890B6CAB38DADA306413"", ""Lydia"")","NSLOCTEXT(""[6DDBFCBF42ED108EC00C6F3B965BD973]"", ""6C746D6B331FE4CB2E4C9FA85C426D88"", ""Timothy"")","NSLOCTEXT(""[FF023B3B9F377E802DAA9FF6758098B7]"", ""87E2C24D4EFEF22E8EBA1B32DDC073EC"", ""Titus"")",OptionA,"NSLOCTEXT(""[5FF49C24934F7808687BCD77BB7CD9F9]"", ""B99BC01476A8759C20C3B178347901BE"", ""Acts 10"")"
Q083,Q083,"NSLOCTEXT(""[4CBA2444CBB1C148AA9DE3EC0F998AD5]"", ""65CAAD20D18F26EE0226E82B9D1949EA"", ""Who was the seller of purple cloth converted by Paul?"")","NSLOCTEXT(""[0B55DA834ECFF33CD5AAB67721C49DA0]"", ""369E9F8FAB6C0F41DEF8EC5F5F673C6A"", ""Priscilla"")","NSLOCTEXT(""[738E5900621E509670F3148299FCE660]"", ""E28EEBF26C30C03F435E95543F9998F6"", ""Lydia"")","NSLOCTEXT(""[7C7BB8473309A2E7DF7DE0DC0DCC6580]"", ""AAB482FFF4420E960AF8A5B8134C2C9F"", ""Phoebe"")","NSLOCTEXT(""[D4F487A4A9CFA304540F17A538584B29]"", ""F80ECD7E4B9A8F5AAC0B4F275995E806"", ""Junia"")",OptionB,"NSLOCTEXT(""[DEDB475B589A8DA66471C7F1C2BF6E46]"", ""A3C737F4A56809FE47F462FE9495C1DB"", ""Acts 16"")"
Q084,Q084,"NSLOCTEXT(""[6EB1AF0BDE6957C5A89C228F7486701A]"", ""E306E51316466E4322461335C10DC899"", ""What was Paul's traveling companion often mentioned with him?"")","NSLOCTEXT(""[9EF3EFAF46A32610E94301A48FE7DC83]"", ""833D2A24B6A5D20468AADB61D6F06902"", ""Barnabas and Silas"")","NSLOCTEXT(""[2D86E0D29F10A17B5C6F31CBE5ED3DF3]"", ""F75C7E709F81AE09DB9F6194E1D9D3D9"", ""Peter"")","NSLOCTEXT(""[520402DC7A5959856DA9054CB356C110]"", ""A6579724E64BAF0631141C43DA7393DC"", ""James"")","NSLOCTEXT(""[F538C70905C8ADE7B0CA05ABC94BDD25]"", ""92FF40411B10023FF5DE81B9347822AF"", ""John Mark alone"")",OptionA,"NSLOCTEXT(""[B1F1A3C1DB611C67D25E58CBCA82E245]"", ""F3D65AD7036609F5839091C0C80A0EE9"", ""Acts 15"")"
Q085,Q085,"NSLOCTEXT(""[80651775F7DB1A63C746FB5FF33845A6]"", ""8A1B4CE443CE1A203C950DEF9C6AED8F"", ""Who was thrown into a pit by his brothers before being sold?"")","NSLOCTEXT(""[477714B38274F2227C59BAB46A0A71D4]"", ""7752E63C15564F75B8D3CD52BA2834AC"", ""Benjamin"")","NSLOCTEXT(""[59709EB4B5EB1F4B8AF7D71E7BFCB975]"", ""F4225FF3FC87193A7BBA5027788ACCD5"", ""Joseph"")","NSLOCTEXT(""[20C0943B3573B2B18DE17E143807EB2D]"", ""C8D37548D6E049935D7B5EA7D97C1188"", ""Reuben"")","NSLOCTEXT(""[FF3321479F02F36FEF1D74FA3EEA5659]"", ""4F9D1D4EF216C45A09647561E6ABE955"", ""Simeon"")",OptionB,"NSLOCTEXT(""[DF6540C71EDEC840F4589F6FCB9D9897]"", ""AA31DD60966CAB17D55D4CEF879876C5"", ""Genesis 37"")"
Q086,Q086,"NSLOCTEXT(""[3F2CC7AF662709687627A39404C5AC5F]"", ""4585A4F062A46E910CB81A078F9D26AB"", ""What did Jacob wrestle with at the river Jabbok?"")","NSLOCTEXT(""[10A4E0DB3D7227E8A117FBE761365957]"", ""8BE47514CDE7B231A9F4F0ADC260CFE5"", ""A lion"")","NSLOCTEXT(""[387B929F8DD61DC34CA33585996B9E61]"", ""D2BB61ABB14D4E020A874CC91623AAB7"", ""An angel"")","NSLOCTEXT(""[C843F66B958AC1CA026652395AE14FC3]"", ""92A8966B821FCF3A8CF78F7C05661D93"", ""Esau"")","NSLOCTEXT(""[5E3748A9944D80C2ADD486182303AC05]"", ""1B35405C9DADBA99AAC6FE47DFA648A1"", ""A serpent"")",OptionB,"NSLOCTEXT(""[3471F8A66C8F09D2875965D8DA9AD4AB]"", ""8AF89F5A9632B7F78422DB95B8D8E4CE"", ""Genesis 32"")"
Q087,Q087,"NSLOCTEXT(""[3EAEEBB7FB96BFAD4C26D2828E6F911B]"", ""D3C7A0C36E14A68E6DAD1A3D89B0FE7A"", ""What new name was Jacob given after wrestling?"")","NSLOCTEXT(""[C96C8AA2885442106B2837D8FD08E897]"", ""C08BDD5C5DC6F7FAC424F357C67F383A"", ""Israel"")","NSLOCTEXT(""[24D309D3D07BC021ED4433F847409190]"", ""CD23CE4C0AD9A0254DAE2881E57B96F0"", ""Judah"")","NSLOCTEXT(""[679EF75769C731E7521C6FB75AD201AE]"", ""E636A2D1E0CC5F03B86B51BF4FC2C925"", ""Ephraim"")","NSLOCTEXT(""[996A3BC8D487F5114BB21B1096EFCFA2]"", ""B90E744F1FF35E75542CA0E6AF6DD36F"", ""Benjamin"")",OptionA,"NSLOCTEXT(""[08042F481BADA71FD6FC496D0088360F]"", ""A06653EAFE5D78175F31B18AABDBBCDF"", ""Genesis 32"")"
Q088,Q088,"NSLOCTEXT(""[C8E1AACDA30ACCBC81F68FE3D17AB377]"", ""F483BDEF25AC803EA89CDDD55903984D"", ""Who tricked his father Isaac to receive the blessing meant for Esau?"")","NSLOCTEXT(""[C5059E3AA496B43ABE509E2CC32E1275]"", ""4D9601900D317C20FFD197D0C1B45B32"", ""Jacob"")","NSLOCTEXT(""[841175C18FD5F45AE805D88DF0319EBA]"", ""8981C5C9A1301FFD9C14D289CBF3C5FE"", ""Laban"")","NSLOCTEXT(""[D0EA1F779FD6FF8BA1E92430897419DA]"", ""98425A5CF749AADC5C20A3F5A35DC86A"", ""Reuben"")","NSLOCTEXT(""[6DD3361E7323CAC811339A1E542A4F7D]"", ""2798FA5AB509DEB5699CD51673633AA3"", ""Levi"")",OptionA,"NSLOCTEXT(""[D379CF0F2166601ED5AE59EFF39C58B5]"", ""DAD11CECBF55D270B05EE24E47F9B021"", ""Genesis 27"")"
Q089,Q089,"NSLOCTEXT(""[39F8774200BDBB268D9E3479DE3EBBA4]"", ""E4371326DEED817353356040A100CD00"", ""How many sons did Jacob have?"")","NSLOCTEXT(""[5586703C183365296FE53AB55B5D8689]"", ""DEE7BBD956F3E1EE50FC4E8E6053784E"", ""10"")","NSLOCTEXT(""[3AA5C4B577CA840737BD5502EE95098C]"", ""DA07DBB11DE62B0070D0418FC7506CD2"", ""12"")","NSLOCTEXT(""[60A94F5E02B54CE2F2A7A412C005EA43]"", ""52C967AC9C7BA426F1433E7D19D08A35"", ""7"")","NSLOCTEXT(""[2B21D305D7114D54014504B9475C345B]"", ""4EED01D7D0FE7C91E9B1C6C70B07991F"", ""14"")",OptionB,"NSLOCTEXT(""[F39C7996023E0D455BD6FB763376D84C]"", ""1CE50FA0F5DF4BB8FEE0AF5E87226695"", ""Genesis 35"")"
Q090,Q090,"NSLOCTEXT(""[8F9A9F556D61D30DB7048ECAE0C8E366]"", ""B56E5B229F8EF3EB3FDCC33628B81CC4"", ""Who was Moses' brother who spoke for him before Pharaoh?"")","NSLOCTEXT(""[06DAA47F77D76BD1764B046705ECA2B4]"", ""20B5BD42FF443A41695138C4C1A39231"", ""Aaron"")","NSLOCTEXT(""[C68E3D51739390EDE8576A58FB1115C0]"", ""054163C396A4703D4D449033FF072B4A"", ""Joshua"")","NSLOCTEXT(""[440BCBF5599959BD896762C17FAF9365]"", ""4AECEA11893B32B905CE24C22874B5D6"", ""Caleb"")","NSLOCTEXT(""[5629A09C3474820A63F92843979ACC30]"", ""8C38BEDD21EB8A595F5A570E7B7A01C8"", ""Nadab"")",OptionA,"NSLOCTEXT(""[567B8B4D5F120472AADD23DBB1922817]"", ""5DC4CE9EA628C35A3ECDF9463206FB3C"", ""Exodus 4"")"
Q091,Q091,"NSLOCTEXT(""[97909B572779E03DD3357BE8AD9AB098]"", ""588CEB7056118BD2C2E13A8FE410B0D7"", ""Who was Moses' sister who watched over him in the basket?"")","NSLOCTEXT(""[63DFBB1CAD514CF045C45B977007BB50]"", ""0C8D9707392EEBF06D26F700C4C9A306"", ""Miriam"")","NSLOCTEXT(""[B53DFCEB3B71E055B6FA2886D84BF66C]"", ""1E04C6D29F910B3DF10EC1E986CB3F78"", ""Zipporah"")","NSLOCTEXT(""[80EC31945CF84A364A8509381E1A5D87]"", ""938526E8079F154A31711D67411DC98B"", ""Deborah"")","NSLOCTEXT(""[4B0EF32233BC4E8E00AE461054A1985F]"", ""85973324DBF831A791B5EA02CA15B34B"", ""Elisheba"")",OptionA,"NSLOCTEXT(""[DBE411158542D44668FCBF3C087A8F23]"", ""1352F9052FAF4BDACA8FBDC2B723AE70"", ""Exodus 2"")"
Q092,Q092,"NSLOCTEXT(""[D0AA0021C8F2584AE0D598D467B39C09]"", ""6BC28941E2755DE22D8F3FD085A3EE95"", ""What did the Israelites build while Moses was on the mountain?"")","NSLOCTEXT(""[9BF6104FF0DDFB8206E251A16E541BDD]"", ""0D3643930F3ABD57A8C6CAA219767A42"", ""A temple"")","NSLOCTEXT(""[FE8A71A4F845FD3881A3B2117EC45B69]"", ""5E1F1A5393F2540F13F2B684E0746C35"", ""A golden calf"")","NSLOCTEXT(""[8A6745296811039442CC45A0D5AE81B8]"", ""21B633315375482133524CE9E0F2AC9F"", ""An altar of stones"")","NSLOCTEXT(""[7F0191D3D7E0BB45E487B150684FE2E0]"", ""BFEEE687D25425AB4483CC856A81AE89"", ""A bronze serpent"")",OptionB,"NSLOCTEXT(""[2C0F370CD21AB82B3993608F0C42C189]"", ""C72E264D62D21BEC4992EFE38A9F37EE"", ""Exodus 32"")"
Q093,Q093,"NSLOCTEXT(""[617A556948CC80F320B3EB46DC539009]"", ""36A526EAAC0E2ACB276722B0D9001CB8"", ""Who was the high priest and Moses' brother?"")","NSLOCTEXT(""[FE17C1035217B81DB0E104F75811D0FD]"", ""9E7CF895C317CF0178C3ADAAC8409627"", ""Aaron"")","NSLOCTEXT(""[C52A36C3C64FE043C17C4676B1A5D71D]"", ""4DFE1B8AA10F6875A1B470BB84E834BF"", ""Eleazar"")","NSLOCTEXT(""[5C364EB38971D87A4438B8C8199568DA]"", ""8FD5E318A43589D0A7BB419FF7E0A7C2"", ""Phinehas"")","NSLOCTEXT(""[4425DC5B4479E6C59175F962211B9EF4]"", ""FD89F1FD961EC3931B59607EEF1B79C2"", ""Joshua"")",OptionA,"NSLOCTEXT(""[AEF6EFD7F7A263C0C75F5EA1A7BE9661]"", ""5093621992EA4F0BEB2D2223197EFB56"", ""Exodus 28"")"
Q094,Q094,"NSLOCTEXT(""[71B1DE7447D75AEA47B3F6BF231D4702]"", ""9E104ED69BD257C617FD42BD81546D8D"", ""What did the Ark of the Covenant contain, among other items?"")","NSLOCTEXT(""[894B13F55F5EFA237E7A155C8E9FBB04]"", ""17D6F21FD10439301DCFBFA7DD5F0BFF"", ""The Ten Commandment tablets"")","NSLOCTEXT(""[44B4236E46BBBB7541B87C9966F521C3]"", ""C34553A1634A0156E0AAC09EF7C7841E"", ""A crown"")","NSLOCTEXT(""[8F8B8D5FC077B6137DF52790140D748B]"", ""1EF55716206EA852F7FD240587EBCBAE"", ""Manna and Aaron's coins"")","NSLOCTEXT(""[F779D1E85E46D56450CA836995F94B68]"", ""4FF8BB666EB4E9563AE9D0A2DE862E07"", ""The staff of Solomon"")",OptionA,"NSLOCTEXT(""[E46F121439E7729952846A391E12B292]"", ""5485445C570CD1F99E42DD52BDB81B77"", ""Hebrews 9:4"")"
Q095,Q095,"NSLOCTEXT(""[E1B6CE24466CB7DF8932A19B5BF25F5F]"", ""B694C3740CC4FC775FBA2C06AECF9235"", ""Who was king when the Israelite kingdom split into two?"")","NSLOCTEXT(""[81E097729558EF6BE16424BFED32AAEA]"", ""D5A20BD34E67266F21F665FDDE965224"", ""Solomon"")","NSLOCTEXT(""[0C898ECDD1AA54D5DEBB4768AA4A02D0]"", ""3C5AA1B19A2256EB108FCCDCA956F81D"", ""Rehoboam"")","NSLOCTEXT(""[B477AA0E7D10BD76FB6CB1A60B60A1CE]"", ""C34BD7AACF11DCDB3AAF4E5F77593B75"", ""David"")","NSLOCTEXT(""[9649C7D6A6DA0B2E21F8E5099ED612F9]"", ""BA18DF6F9E922302851312FE92C29387"", ""Saul"")",OptionB,"NSLOCTEXT(""[0E88320FA4D77F017C1BA2AF44E0AD17]"", ""E62D91780B7BABA2503CCC1303FC7349"", ""1 Kings 12"")"
Q096,Q096,"NSLOCTEXT(""[2CA9AFFB39C4726B12F8E40CF2510BFD]"", ""1D36B7826778DCED9BD0DC6498F463D8"", ""Who confronted the prophets of Baal on Mount Carmel?"")","NSLOCTEXT(""[C01A4D32FA009A0B5233966F1B1F6CCB]"", ""E57D91F99A5F0474B55CAEB47485DF40"", ""Elisha"")","NSLOCTEXT(""[BBC33725B896A70D91B0C1C1C415EBFA]"", ""F961AFDABDA89F904968851757C4FF29"", ""Elijah"")","NSLOCTEXT(""[F6875F79F9D254464A91E20F22FFF68D]"", ""B12EA46A4800E439291F7DE1AED8AD31"", ""Isaiah"")","NSLOCTEXT(""[F75F34ED3E8C45F516D6BCF0D232A859]"", ""D934405C419B0434562BE6F4CD2A1FCB"", ""Micah"")",OptionB,"NSLOCTEXT(""[E7816842B26C0B956586A28790464B7C]"", ""B89B4E036A84A2267A0EBC75022CA4BE"", ""1 Kings 18"")"
Q097,Q097,"NSLOCTEXT(""[87E83BDBE472A8ECEC9B9F6B72A580D6]"", ""67FAF9EB067B31D7BC6E0F43D5F71FE9"", ""Who was thrown into a well/cistern by his brothers?"")","NSLOCTEXT(""[2FE6BC47DB33496A02DFA6180F506DED]"", ""0AD6B17180AFE77F597048C7F1ED4DAF"", ""Joseph"")","NSLOCTEXT(""[EF44D7CA1CA42E38E13057055334BE64]"", ""41C6C126BB5BF6AE7D3BE72A82BF50C2"", ""Benjamin"")","NSLOCTEXT(""[695234812C165793A0D8B0E458AEBE42]"", ""4CEEC3589C12C86D1C64BD2F483F147A"", ""Reuben"")","NSLOCTEXT(""[D09DA10D6AC6E338FE8D3B45DB091396]"", ""2B044FBD2B40D9406C8E1B7D1BB528B0"", ""Judah"")",OptionA,"NSLOCTEXT(""[656AFBE7021C3137298A37C3D1B09225]"", ""99DFD2DD7CD451B4D42EF4106639C356"", ""Genesis 37"")"
Q098,Q098,"NSLOCTEXT(""[501531810CA06CFA8C8C87C218151ED3]"", ""C377E9F7B815DF811EF6C3A32C6B6603"", ""Which king had a dream of a giant statue interpreted by Daniel?"")","NSLOCTEXT(""[04D71A3D4D9221E61A2EA8429196BEB9]"", ""44E1FAD585B7D8745F1DC80E1ABD4FF5"", ""Nebuchadnezzar"")","NSLOCTEXT(""[B459913A54260E0184B2A064D0DF68D2]"", ""5FE7A871E92EB6594F300CBEA8CD5C63"", ""Belshazzar"")","NSLOCTEXT(""[2509A6C35A821B3CDF8BB07831E3FD1E]"", ""A80E5783383B7E8B012B07FA7626B6D7"", ""Cyrus"")","NSLOCTEXT(""[099CFB021D8F14BDC07E63874C0602C5]"", ""DCC0BB031323CCB483789E1C317A8DE9"", ""Darius"")",OptionA,"NSLOCTEXT(""[D717012E5F3050C68E7FCE9E7096157A]"", ""394B698B081E2895178CE4F4A2378124"", ""Daniel 2"")"
Q099,Q099,"NSLOCTEXT(""[932A6C066EE33364B000BB02BA1647B0]"", ""C6CC2E3618B3CA26D17BC9B5C4B95EF7"", ""What did the writing on the wall predict for Belshazzar?"")","NSLOCTEXT(""[6C203BC65DC2DB28AAE51E5197C98D00]"", ""857469E1B6DF70A8D2A15D147DB55612"", ""Victory in battle"")","NSLOCTEXT(""[F17826A6D2090676D9351FCCC3BF3C0F]"", ""FFA3E94CBE295F00997AB3203F1F1B58"", ""The fall of his kingdom"")","NSLOCTEXT(""[7AA1AFF947300270EDF77B81517C6E4C]"", ""F401A7B5706803304C8EC1D6EE8D7389"", ""Long life"")","NSLOCTEXT(""[31753227AB9B4C5974BF371FDB4272B6]"", ""2523462ED0C2D8DD27CF0C6F8236E83E"", ""A great famine"")",OptionB,"NSLOCTEXT(""[04DAA0F771EA79FDF3E780D2F294C9C1]"", ""6860F654D05BA334E77D83248310D75D"", ""Daniel 5"")"
Q100,Q100,"NSLOCTEXT(""[F5FF6D19BE95300C231E444494722CDF]"", ""CAFF9C3BE89934685F7B48BA5794CAE0"", ""Who was the prophet who married an unfaithful woman as a symbol of Israel?"")","NSLOCTEXT(""[F950E1F74984F05EB2239C4650E77DD6]"", ""E69ACF2A4FE96345978357804AC4C726"", ""Hosea"")","NSLOCTEXT(""[25F6CF27C6D32CB2ECC62A9BB6F2F603]"", ""AB7A4036FCCB9BA7996FE9E0F3F9CFD3"", ""Amos"")","NSLOCTEXT(""[AFE7B16F0EDEB763EEBE10E0FE13D791]"", ""7732C53CD508D211489AD423C8DFA3F8"", ""Joel"")","NSLOCTEXT(""[4D5897A37B1DF698B896CAE75A2A2711]"", ""90828DCD61155EAEA77E377BFB10A995"", ""Obadiah"")",OptionA,"NSLOCTEXT(""[C9EF6AF2F13A3B65479488B44ED03F79]"", ""4155B91E40FFF2A76DB6B5661BE5405B"", ""Hosea 1"")"
